-- phpMyAdmin SQL Dump
-- version 4.8.5
-- https://www.phpmyadmin.net/
--
-- Host: 127.0.0.1
-- Generation Time: Aug 11, 2020 at 05:51 PM
-- Server version: 10.1.38-MariaDB
-- PHP Version: 7.3.20

SET SQL_MODE = "NO_AUTO_VALUE_ON_ZERO";
SET AUTOCOMMIT = 0;
START TRANSACTION;
SET time_zone = "+00:00";


/*!40101 SET @OLD_CHARACTER_SET_CLIENT=@@CHARACTER_SET_CLIENT */;
/*!40101 SET @OLD_CHARACTER_SET_RESULTS=@@CHARACTER_SET_RESULTS */;
/*!40101 SET @OLD_COLLATION_CONNECTION=@@COLLATION_CONNECTION */;
/*!40101 SET NAMES utf8mb4 */;

--
-- Database: `wishlist`
--

-- --------------------------------------------------------

--
-- Table structure for table `category`
--

CREATE TABLE `category` (
  `category_id` int(11) NOT NULL,
  `category_name` varchar(255) NOT NULL,
  `created_at` timestamp NOT NULL DEFAULT CURRENT_TIMESTAMP,
  `updated_at` timestamp NOT NULL DEFAULT CURRENT_TIMESTAMP,
  `status` varchar(255) NOT NULL DEFAULT 'current'
) ENGINE=InnoDB DEFAULT CHARSET=latin1;

--
-- Dumping data for table `category`
--

INSERT INTO `category` (`category_id`, `category_name`, `created_at`, `updated_at`, `status`) VALUES
(1, 'men clothing', '2020-08-05 03:30:29', '2020-08-05 03:30:29', 'current'),
(2, 'jewelery', '2020-08-05 03:30:48', '2020-08-05 03:30:48', 'current'),
(3, 'electronics', '2020-08-05 03:31:06', '2020-08-05 03:31:06', 'current'),
(4, 'women clothing', '2020-08-05 03:31:27', '2020-08-05 03:31:27', 'current');

-- --------------------------------------------------------

--
-- Table structure for table `failed_jobs`
--

CREATE TABLE `failed_jobs` (
  `id` bigint(20) UNSIGNED NOT NULL,
  `connection` text COLLATE utf8mb4_unicode_ci NOT NULL,
  `queue` text COLLATE utf8mb4_unicode_ci NOT NULL,
  `payload` longtext COLLATE utf8mb4_unicode_ci NOT NULL,
  `exception` longtext COLLATE utf8mb4_unicode_ci NOT NULL,
  `failed_at` timestamp NOT NULL DEFAULT CURRENT_TIMESTAMP
) ENGINE=InnoDB DEFAULT CHARSET=utf8mb4 COLLATE=utf8mb4_unicode_ci;

-- --------------------------------------------------------

--
-- Table structure for table `migrations`
--

CREATE TABLE `migrations` (
  `id` int(10) UNSIGNED NOT NULL,
  `migration` varchar(191) COLLATE utf8mb4_unicode_ci NOT NULL,
  `batch` int(11) NOT NULL
) ENGINE=InnoDB DEFAULT CHARSET=utf8mb4 COLLATE=utf8mb4_unicode_ci;

--
-- Dumping data for table `migrations`
--

INSERT INTO `migrations` (`id`, `migration`, `batch`) VALUES
(1, '2014_10_12_000000_create_users_table', 1),
(2, '2014_10_12_100000_create_password_resets_table', 1),
(3, '2016_06_01_000001_create_oauth_auth_codes_table', 1),
(4, '2016_06_01_000002_create_oauth_access_tokens_table', 1),
(5, '2016_06_01_000003_create_oauth_refresh_tokens_table', 1),
(6, '2016_06_01_000004_create_oauth_clients_table', 1),
(7, '2016_06_01_000005_create_oauth_personal_access_clients_table', 1),
(8, '2019_08_19_000000_create_failed_jobs_table', 1);

-- --------------------------------------------------------

--
-- Table structure for table `oauth_access_tokens`
--

CREATE TABLE `oauth_access_tokens` (
  `id` varchar(100) COLLATE utf8mb4_unicode_ci NOT NULL,
  `user_id` bigint(20) UNSIGNED DEFAULT NULL,
  `client_id` bigint(20) UNSIGNED NOT NULL,
  `name` varchar(191) COLLATE utf8mb4_unicode_ci DEFAULT NULL,
  `scopes` text COLLATE utf8mb4_unicode_ci,
  `revoked` tinyint(1) NOT NULL,
  `created_at` timestamp NULL DEFAULT NULL,
  `updated_at` timestamp NULL DEFAULT NULL,
  `expires_at` datetime DEFAULT NULL
) ENGINE=InnoDB DEFAULT CHARSET=utf8mb4 COLLATE=utf8mb4_unicode_ci;

--
-- Dumping data for table `oauth_access_tokens`
--

INSERT INTO `oauth_access_tokens` (`id`, `user_id`, `client_id`, `name`, `scopes`, `revoked`, `created_at`, `updated_at`, `expires_at`) VALUES
('01522a215741376efadd5c3b0d2583bba1d9b54816f86c46053146c4856b6a92117722885625abb2', 1, 1, 'appToken', '[]', 0, '2020-08-05 04:39:50', '2020-08-05 04:39:50', '2021-08-05 10:09:50'),
('01fe02df72e5661de7c56798af2e9a6c7dcdf85980ae468dea035cfb8991be5a917b85a62d261b44', 1, 1, 'appToken', '[]', 0, '2020-08-04 22:11:43', '2020-08-04 22:11:43', '2021-08-05 03:41:43'),
('025f25f3e9cc6fce459e4093f8504a1988e7427195331a120f0c3bd96b9be6e9f5b7e5bd4e904735', 1, 1, 'appToken', '[]', 0, '2020-08-09 01:15:57', '2020-08-09 01:15:57', '2021-08-09 06:45:57'),
('04240ebaea244a609bcfecc57f3a485b88b01b360fe94a2515e23b565d02826c722742d54fb2e0e6', 1, 1, 'appToken', '[]', 0, '2020-08-10 14:27:02', '2020-08-10 14:27:02', '2021-08-10 19:57:02'),
('04bf45a7736b7027dc01da4a0084a7b29e73594b9abccaa6305e6f23dbc56eb0963213119584909c', 1, 1, 'appToken', '[]', 0, '2020-08-09 01:38:43', '2020-08-09 01:38:43', '2021-08-09 07:08:43'),
('05c14e1450f273557a6228d4ede7e73ce8c51b60d0392e83df0a998527a70f150952c836f7c89cca', 1, 1, 'appToken', '[]', 0, '2020-08-06 05:44:50', '2020-08-06 05:44:50', '2021-08-06 11:14:50'),
('05cd81f748b340ca13a9b6646ee0cff025329dd3cc10f588afe63a354f96bec5696237de2804f5fa', 1, 1, 'appToken', '[]', 0, '2020-08-05 04:32:15', '2020-08-05 04:32:15', '2021-08-05 10:02:15'),
('05f7095cd66610b03aed3a10fa157e1e4fd70e4bec124a3ac5ee3aec85615e2c7db098b54bf21a1d', 1, 1, 'appToken', '[]', 0, '2020-08-07 10:04:31', '2020-08-07 10:04:31', '2021-08-07 15:34:31'),
('069c15f98c4773406281dd5f9d91d956032363a8a3d36e88328884b2b83b0995f7d9aa80622da6b6', 1, 1, 'appToken', '[]', 0, '2020-08-06 06:23:12', '2020-08-06 06:23:12', '2021-08-06 11:53:12'),
('06d7102623e284459eb17c4a87ba7f28bee921d828367be5e1533335f3199b6ff68b9eb9277b53cf', 1, 1, 'appToken', '[]', 0, '2020-08-08 13:21:03', '2020-08-08 13:21:03', '2021-08-08 18:51:03'),
('07234058c7cb034aa5bded4705f6fd998391969ba838b521c8857e769eb30970494c99e07d6445ee', 1, 1, 'appToken', '[]', 0, '2020-08-08 09:56:02', '2020-08-08 09:56:02', '2021-08-08 15:26:02'),
('07f5f4fac42371dde56e71532f60b7481f94af0bb3c32bc1d464bbbb760cb40facc65cdb822d918f', 1, 1, 'appToken', '[]', 0, '2020-08-08 08:12:41', '2020-08-08 08:12:41', '2021-08-08 13:42:41'),
('0854542b9d9b400a63707e6b6ee9533f7e6f9f52327a4be3365e7498b3a847d42d8cafb8bc5f979a', 1, 1, 'appToken', '[]', 0, '2020-08-07 10:21:27', '2020-08-07 10:21:27', '2021-08-07 15:51:27'),
('086803bbee8a53dbbb84be9796724b7cde57855059bb3ff08964465d0d3cb9db78afebfe3ed748e2', 1, 1, 'appToken', '[]', 0, '2020-08-09 03:07:57', '2020-08-09 03:07:57', '2021-08-09 08:37:57'),
('09a41d173e12565327b17a64634a741172020a6253597f34c5651ed9caf5961a99f5141b363ee0ab', 1, 1, 'appToken', '[]', 0, '2020-08-04 04:55:14', '2020-08-04 04:55:14', '2021-08-04 10:25:14'),
('0a59822015380caf0fcc57965e0fca7cb9bd5f3c0fa7190c2363477b781c75d097bf971055c71474', 1, 1, 'appToken', '[]', 0, '2020-08-06 23:41:15', '2020-08-06 23:41:15', '2021-08-07 05:11:15'),
('0c2cbb05ab18014e2e86c93f54eab7fd2cc60094e6109662e7bad212b081e257c579c475aa681c8c', 1, 1, 'appToken', '[]', 0, '2020-08-04 05:30:01', '2020-08-04 05:30:01', '2021-08-04 11:00:01'),
('0c6a3c99ece97e986f82001db2a75fcc39fd2bda1db5a7f524377737e21e5d2f46358051c08d57ee', 1, 1, 'appToken', '[]', 0, '2020-08-04 23:13:37', '2020-08-04 23:13:37', '2021-08-05 04:43:37'),
('0d3a4a9e37e520134e07af75f128fc6eb42dab47d62f7469c89460fed758b7810d608d709e4e0c59', 16, 1, 'appToken', '[]', 0, '2020-08-04 04:35:11', '2020-08-04 04:35:11', '2021-08-04 10:05:11'),
('0dca30ee29715e9a6ce6fbec8f75d8301d3770f4f533843bb97064ca42331d365281a48b624b2c6d', 1, 1, 'appToken', '[]', 0, '2020-08-05 03:05:41', '2020-08-05 03:05:41', '2021-08-05 08:35:41'),
('0e3b8fe083ea416ca5aebdb0a50d7d3f2faf1b132ff413b13eb2016a3b3c10eac5d1f3647a50b194', 1, 1, 'appToken', '[]', 0, '2020-08-05 04:45:08', '2020-08-05 04:45:08', '2021-08-05 10:15:08'),
('102ec01c3d1b18ef7bb1d9a1ee62c8c0946534e6198faf48cf0aa807f9bb7e073de16301575e5e07', 4, 1, 'appToken', '[]', 0, '2020-08-04 03:41:35', '2020-08-04 03:41:35', '2021-08-04 09:11:35'),
('1062a3e869df3dee52e65334736b22edfa9d08d95dae7f3a89e01f22e145e3ea467c92545d2f1d7c', 1, 1, 'appToken', '[]', 0, '2020-08-11 04:56:00', '2020-08-11 04:56:00', '2021-08-11 10:26:00'),
('1083a151021f25ebf5c21169452890aca7f543c0d890db51a55575c18d97c89b8a24dde6c885a862', 1, 1, 'appToken', '[]', 0, '2020-08-08 06:39:06', '2020-08-08 06:39:06', '2021-08-08 12:09:06'),
('10b6543231dcef3467da327eeb42234c96dc0549388181fae4c34dab46f9a09fcccb7d86cffbee53', 1, 1, 'appToken', '[]', 0, '2020-08-05 01:16:55', '2020-08-05 01:16:55', '2021-08-05 06:46:55'),
('12220d23de24c3d76a0b4cedf6c90263966c7e0944bd5c61a415400cf48132701d8b6426c9802b32', 8, 1, 'appToken', '[]', 0, '2020-08-04 03:51:03', '2020-08-04 03:51:03', '2021-08-04 09:21:03'),
('127d3dc07431f908fa60245859752679850ec8fa3f2caf5ea7b6b9f3aaa87a5e0ad53aaba94e93d1', 1, 1, 'appToken', '[]', 0, '2020-08-09 03:05:25', '2020-08-09 03:05:25', '2021-08-09 08:35:25'),
('12d67b7b1717faa399f5baec04186ee6efddb0a79cb51d9fa5f997c7fd95bb8837bc2c72eece4757', 10, 1, 'appToken', '[]', 0, '2020-08-04 04:22:07', '2020-08-04 04:22:07', '2021-08-04 09:52:07'),
('12e2384149a4da96a39e697a2ca2bf923c3cedae34aeb238bcde9c48862866ae5c11224c4741032f', 1, 1, 'appToken', '[]', 0, '2020-08-06 05:53:47', '2020-08-06 05:53:47', '2021-08-06 11:23:47'),
('132c67ff35ecd01ec2cda651838b62cfc4d6c777f2441d901dc8491f78fb4048255458e99c7de883', 1, 1, 'appToken', '[]', 0, '2020-08-04 05:36:40', '2020-08-04 05:36:40', '2021-08-04 11:06:40'),
('15612c5c42636967c7532d3478c764a1339c824883928d4907f60afa3336352b63c09b430f1bfdc9', 1, 1, 'appToken', '[]', 0, '2020-08-05 03:48:11', '2020-08-05 03:48:11', '2021-08-05 09:18:11'),
('15c06555b7a61c42e6825a910b5d8009ef71db3bfd759886bc45a3bac84e27a69c7120a751723660', 1, 1, 'appToken', '[]', 0, '2020-08-06 23:04:18', '2020-08-06 23:04:18', '2021-08-07 04:34:18'),
('1634e5d745c7dd658764630431af49a3dbb5f27f972580cb3961466c2fb046eb9e955c056994001c', 1, 1, 'appToken', '[]', 0, '2020-08-04 12:43:57', '2020-08-04 12:43:57', '2021-08-04 18:13:57'),
('1660c2bc42b3a522b08244d2c9952622a7d1b348210afaa3aa36b1707417704c1b6daddaca103eda', 1, 1, 'appToken', '[]', 0, '2020-08-09 02:04:49', '2020-08-09 02:04:49', '2021-08-09 07:34:49'),
('16e74bb53956f23d26d1c5527ddb258d4ff748fd85e50410980c965b24b93c68763b02a05007ac70', 19, 1, 'appToken', '[]', 0, '2020-08-04 04:37:52', '2020-08-04 04:37:52', '2021-08-04 10:07:52'),
('18d99f3d64e70fab3d0a0d052a60aafca02a709d9be267c7ea2f28d56a308a7cd0462ed171e1fdb5', 1, 1, 'appToken', '[]', 0, '2020-08-05 04:39:05', '2020-08-05 04:39:05', '2021-08-05 10:09:05'),
('19285e5f0b8abdd2af63b69d0506815d7ddc76e31b66c176c85bbd2071d2ea5fa85f67af7e7090d1', 42, 1, 'appToken', '[]', 0, '2020-08-08 07:51:44', '2020-08-08 07:51:44', '2021-08-08 13:21:44'),
('1a2a489ba050340014bda56f78fe3bba446e54b676759c9c90bcc99a60aa327786a705553742e868', 1, 1, 'appToken', '[]', 0, '2020-08-05 04:53:24', '2020-08-05 04:53:24', '2021-08-05 10:23:24'),
('1ad2252116e17b018486a18fa1f71a95bfb0c8799068b54dbc43347f9411cceab528801613e729c1', 1, 1, 'appToken', '[]', 0, '2020-08-04 04:52:36', '2020-08-04 04:52:36', '2021-08-04 10:22:36'),
('1ead8d8747c38fc8f8cfbdfa961fb09df24d82279a6c87dd83a63f368664f1580b98571df5d2ee3d', 1, 1, 'appToken', '[]', 0, '2020-08-08 13:59:53', '2020-08-08 13:59:53', '2021-08-08 19:29:53'),
('1fad8a30bf513a3497e259a66c1015e31b21ea4a7ced25c283101608f08bd122ddccd8fd562e23da', 24, 1, 'appToken', '[]', 0, '2020-08-04 09:57:01', '2020-08-04 09:57:01', '2021-08-04 15:27:01'),
('20011ef47a9f1a19498a41862e342454d52ddc4f5cd8b55d1e4e3ca4966ee43d32aba59f50404710', 1, 1, 'appToken', '[]', 0, '2020-08-05 04:36:42', '2020-08-05 04:36:42', '2021-08-05 10:06:42'),
('20396cf3364ca6d7753f0513ff68039c83ae49b6c9b33a2eddc03a4417039b6843ba04c3e37d00f5', 1, 1, 'appToken', '[]', 0, '2020-08-07 00:59:00', '2020-08-07 00:59:00', '2021-08-07 06:29:00'),
('2073d7f0d3f44db06b1f68c0008ab511a4e0df148182e1263364e9b9f70b2d5d45e4912c30c5c28b', 1, 1, 'appToken', '[]', 0, '2020-08-06 05:53:57', '2020-08-06 05:53:57', '2021-08-06 11:23:57'),
('215f663dcccf6f3bad3fdc719b938bc354406cfff483a84aa107b1f9f5a63204861f4c3baf3308fc', 1, 1, 'appToken', '[]', 0, '2020-08-04 13:32:24', '2020-08-04 13:32:24', '2021-08-04 19:02:24'),
('216bd6c21d11dfa7e25812e56d2a71f0c0996e3a225c35770fbe87acda60c198c477a47375db2974', 1, 1, 'appToken', '[]', 0, '2020-08-03 23:26:07', '2020-08-03 23:26:07', '2021-08-04 04:56:07'),
('233e9d6bff41b08653c766f416b79b3bdd995c44d0d29bb19b9da17024882704b3d094bf5c13e245', 1, 1, 'appToken', '[]', 0, '2020-08-08 12:56:20', '2020-08-08 12:56:20', '2021-08-08 18:26:20'),
('239885236ad3bed5abf721b0a6543a3da56559a75abe17eeb192afa6339323d031d2d1180966bcf5', 1, 1, 'appToken', '[]', 0, '2020-08-09 01:35:43', '2020-08-09 01:35:43', '2021-08-09 07:05:43'),
('24dcd8a0b5b101aec9310ab43f80f04ef1809284a2af57c4b81e55373d6f6750ff1958d8caa51872', 1, 1, 'appToken', '[]', 0, '2020-08-04 04:52:38', '2020-08-04 04:52:38', '2021-08-04 10:22:38'),
('25b102da399e8f126e8808d3e4c82705f33e4e1f0cf5f34ba4e274f5bc93d4fcb8818c0d1744f076', 1, 1, 'appToken', '[]', 0, '2020-08-04 13:35:19', '2020-08-04 13:35:19', '2021-08-04 19:05:19'),
('25e5cd4834717bc81e09ff8267707d0e4d9cd031039900a1feea913a562c6b3370b1f67fb057f08a', 31, 1, 'appToken', '[]', 0, '2020-08-04 10:53:18', '2020-08-04 10:53:18', '2021-08-04 16:23:18'),
('2668d90d175097f92dbcfb1675fa35d4c9f1de275085a17aa9a52e9568495d2195c3a3a1eab2e72b', 1, 1, 'appToken', '[]', 0, '2020-08-05 02:27:40', '2020-08-05 02:27:40', '2021-08-05 07:57:40'),
('266d7dde8b5bc0f0c1633a224fef8dadc81b4d3e98b1f5ae424b0edd871186feab08d51c55e9eb07', 1, 1, 'appToken', '[]', 0, '2020-08-05 01:04:10', '2020-08-05 01:04:10', '2021-08-05 06:34:10'),
('27bda214d23a6994562c5f5ab080f7499012949e9844e1a82987764803a93de15f98589760633579', 1, 1, 'appToken', '[]', 0, '2020-08-05 03:20:17', '2020-08-05 03:20:17', '2021-08-05 08:50:17'),
('2802519db1aa34438a45e5b9d0f14f3a8d78955aa176df8913753ff293e191636991ad686cbbde08', 1, 1, 'appToken', '[]', 0, '2020-08-09 01:31:26', '2020-08-09 01:31:26', '2021-08-09 07:01:26'),
('28bae7c6560f492779d69b7e538fe4b0ab70013170e949d83fa081f9e6af7054eaef9c3aa59543b2', 1, 1, 'appToken', '[]', 0, '2020-08-04 13:14:42', '2020-08-04 13:14:42', '2021-08-04 18:44:42'),
('29129b9e2020557fbe8c75cd0d494832c7808e260db5578341fa35ee686dddb8f85bc37848c97d3c', 1, 1, 'appToken', '[]', 0, '2020-08-05 03:00:19', '2020-08-05 03:00:19', '2021-08-05 08:30:19'),
('2949c3c697d4ed9361b341059b68bd6d5db993ca6d42d16d5c46834fb7985049e0238c4b7030de7c', 1, 1, 'appToken', '[]', 0, '2020-08-04 12:52:06', '2020-08-04 12:52:06', '2021-08-04 18:22:06'),
('299657e9c2b0859c9acd1d8246dd1f7aad54dce8520d2470f5e6fa81e10a9465ed2b8fedcbb95f1d', 1, 1, 'appToken', '[]', 0, '2020-08-04 23:30:15', '2020-08-04 23:30:15', '2021-08-05 05:00:15'),
('29a99ff9c7853ee6bb606b196859c2aba84ab462fb72de8cc012a440b27c2255724577896e46aaee', 1, 1, 'appToken', '[]', 0, '2020-08-04 12:40:36', '2020-08-04 12:40:36', '2021-08-04 18:10:36'),
('2aac645229b23b8c068d895c0d659a5f3ed3ff0b80f4fcb79fb0e0ae29bf7b091cf203e4762426a1', 1, 1, 'appToken', '[]', 0, '2020-08-09 01:14:43', '2020-08-09 01:14:43', '2021-08-09 06:44:43'),
('2ad3fdba32a270c38c742244cb7cbc65b4161cd83d040b8857ddd4aa42ac76b5a5a753f6d77ab792', 36, 1, 'appToken', '[]', 0, '2020-08-04 11:05:57', '2020-08-04 11:05:57', '2021-08-04 16:35:57'),
('2d5e3c48244bfa371c3d5a055fccd79d67ea23193d5e7732ec472de7ca60192a075fb89cd9d55b33', 1, 1, 'appToken', '[]', 0, '2020-08-06 06:23:35', '2020-08-06 06:23:35', '2021-08-06 11:53:35'),
('2e65bc7cf4476faefbac71479644ecaf4d8dd727d1afa3c17498e9a3df6b16aa260f94f566421e90', 1, 1, 'appToken', '[]', 0, '2020-08-04 04:54:46', '2020-08-04 04:54:46', '2021-08-04 10:24:46'),
('2eca3ec050a9c0b32fefc336d91359c95a818806b5e268ea36e872fe95894793e879ca153e0b3270', 1, 1, 'appToken', '[]', 0, '2020-08-08 14:37:00', '2020-08-08 14:37:00', '2021-08-08 20:07:00'),
('2f46f2a9766250ec9403a7728f77ddf6e1220aac129ed6220b816b84b72e63e3a25035da22dcb411', 1, 1, 'appToken', '[]', 0, '2020-08-06 14:17:05', '2020-08-06 14:17:05', '2021-08-06 19:47:05'),
('2f6649e402bbcd5e4607f8dc351ee8a0502708eb4995bbdb0ea03befea021e9de090e05f5a4572b4', 1, 1, 'appToken', '[]', 0, '2020-08-04 22:33:35', '2020-08-04 22:33:35', '2021-08-05 04:03:35'),
('302dcd0341d96c695c52959284b3459ba7caa685e9ac2190e3fef91897b6f2d51f40acc13c7e7a0e', 1, 1, 'appToken', '[]', 0, '2020-08-05 05:45:46', '2020-08-05 05:45:46', '2021-08-05 11:15:46'),
('3128715cefe4ec03678d4281486e1b4d964b2ab1df33560428cf5a5268c33b72c3a2fa9e3fd3be02', 1, 1, 'appToken', '[]', 0, '2020-08-09 04:12:12', '2020-08-09 04:12:12', '2021-08-09 09:42:12'),
('316325c8afcd91942b3d3e081d32771e678dea55f4fa1f1aa2899678c996dcbeb95c435f3b0d9109', 1, 1, 'appToken', '[]', 0, '2020-08-04 13:17:56', '2020-08-04 13:17:56', '2021-08-04 18:47:56'),
('335c037017d5a0823f33ca900fd28e49f4402b18139881a5835a0b7bf5d024ca9eb57a005ec974f8', 1, 1, 'appToken', '[]', 0, '2020-08-05 00:25:21', '2020-08-05 00:25:21', '2021-08-05 05:55:21'),
('33d184f689dc7ebd93a49a557ddd73dc62cb2871dea3304b73254562b27e1980903838cc1ff15223', 1, 1, 'appToken', '[]', 0, '2020-08-04 22:32:43', '2020-08-04 22:32:43', '2021-08-05 04:02:43'),
('354ee12bf88f24a7f8281e534fab3feaf20d28fe5610915cd3536d31fd820e07ef0e5b6514e31889', 29, 1, 'appToken', '[]', 0, '2020-08-04 10:49:03', '2020-08-04 10:49:03', '2021-08-04 16:19:03'),
('35624b4c9c3ad52c105dc3b8bdfb6daec2a9f641d0061e76b64270193a377bfdf8dfe519a09bb608', 1, 1, 'appToken', '[]', 0, '2020-08-08 01:00:07', '2020-08-08 01:00:07', '2021-08-08 06:30:07'),
('363b5deb398240ad75457a7d4748f26327e5b3db5ce184b2e5706f5a93502c6f99c0b4a9be44a474', 1, 1, 'appToken', '[]', 0, '2020-08-08 08:22:22', '2020-08-08 08:22:22', '2021-08-08 13:52:22'),
('3875c47ba8b8eff84600f89e90e9ec2600d57ad3a33e1ab940e1fb75409d1542f9c2330e7d4426a8', 1, 1, 'appToken', '[]', 0, '2020-08-05 04:07:01', '2020-08-05 04:07:01', '2021-08-05 09:37:01'),
('3878ed5195e33c8372bdea4fb1d30817e1e9b41f506615d028ef5c43341d6e58d53661fe9aade813', 1, 1, 'appToken', '[]', 0, '2020-08-09 01:52:28', '2020-08-09 01:52:28', '2021-08-09 07:22:28'),
('3952f82999daa37bf21a1121cad25f85bbc28f332ef8cf4a37f21e5292a46a1f1c5d3ca6d396cd2b', 1, 1, 'appToken', '[]', 0, '2020-08-04 22:16:16', '2020-08-04 22:16:16', '2021-08-05 03:46:16'),
('39fd5d2e91e3222f891d18cd1f918ff68d88ea6f5e293002a8b5e3a6f882143fad995a77b6580ddf', 1, 1, 'appToken', '[]', 0, '2020-08-09 23:49:12', '2020-08-09 23:49:12', '2021-08-10 05:19:12'),
('3b146adef12114aac23eed5ab2d689b58593c37713249447009299e06c17632cef053ecb4e6d723e', 1, 1, 'appToken', '[]', 0, '2020-08-08 06:02:33', '2020-08-08 06:02:33', '2021-08-08 11:32:33'),
('3b8aa9f21a31713565096d0f554e427200babcac0eaecfcc30b1d92d6a15400a4ef80d917fca39a1', 1, 1, 'appToken', '[]', 0, '2020-08-05 02:45:48', '2020-08-05 02:45:48', '2021-08-05 08:15:48'),
('3b9d0d011c08e568b741bce38758fc2602e745ef3abcb9489ff5b122fa426d014c3cb8cd725cf5ae', 1, 1, 'appToken', '[]', 0, '2020-08-04 05:00:24', '2020-08-04 05:00:24', '2021-08-04 10:30:24'),
('3e0b9c9529ef0a9a3fe14db5d4517eba1fa1bdbd44995ae9d15d9678bba90bbbd1fe7d79593fda37', 1, 1, 'appToken', '[]', 0, '2020-08-06 06:04:51', '2020-08-06 06:04:51', '2021-08-06 11:34:51'),
('3e1796b054d4a9115ece9573c8fc75f40896b7840eab1ab17da62452434740c2834c03baa03c7b44', 1, 1, 'appToken', '[]', 0, '2020-08-07 11:06:04', '2020-08-07 11:06:04', '2021-08-07 16:36:04'),
('3e476091c5cf783744234bc24cc3b609dbfb3fe9c01434b0b76dffdda344b2596722d9b44c423639', 1, 1, 'appToken', '[]', 0, '2020-08-04 23:15:35', '2020-08-04 23:15:35', '2021-08-05 04:45:35'),
('3ed843ba6111a3f755802f45b4c8c9bdc6ad4a23e19ec20740f667efd942a56da685976375e3955d', 1, 1, 'appToken', '[]', 0, '2020-08-06 06:17:41', '2020-08-06 06:17:41', '2021-08-06 11:47:41'),
('3fd785d47b182e7a076b061359fff9a0d1debf3a924783d3d3ea91a6ed5be52ac8bcd0849101431f', 1, 1, 'appToken', '[]', 0, '2020-08-09 01:53:31', '2020-08-09 01:53:31', '2021-08-09 07:23:31'),
('4002f4912a672b6fc2f910df40e40968d0a4e9f9085314ea66c9296e5b6e709fbd3402c02e46fcfe', 1, 1, 'appToken', '[]', 0, '2020-08-04 23:40:55', '2020-08-04 23:40:55', '2021-08-05 05:10:55'),
('400adef3229a502efeeb6b507bfe2f088ef52dbf995657c34f0ffc20ccb692d2b1831a5c0e4d4fbd', 6, 1, 'appToken', '[]', 0, '2020-08-04 03:43:41', '2020-08-04 03:43:41', '2021-08-04 09:13:41'),
('409a5e9b276d158aeedddbd78ae12f3a184a253d769e6ee1f2f62a182d4e8098b007355095e9158c', 44, 1, 'appToken', '[]', 0, '2020-08-08 07:59:37', '2020-08-08 07:59:37', '2021-08-08 13:29:37'),
('41868a43fea6ec57da873307a204b55c4e4753cda3d6e5d53d930353edc59f464481c090d57ebc2e', 1, 1, 'appToken', '[]', 0, '2020-08-09 01:37:29', '2020-08-09 01:37:29', '2021-08-09 07:07:29'),
('41bfb772ae4c3a77e5930db6dd6be96a361159902a43b8afa98e48a199f7a6e1bffa9cd3631e8b83', 1, 1, 'appToken', '[]', 0, '2020-08-08 12:52:09', '2020-08-08 12:52:09', '2021-08-08 18:22:09'),
('42c665d39493b4bb64cbdc1ba0a902675029c550477f613fa2300c5694f7a4481239afa32298aa0f', 20, 1, 'appToken', '[]', 0, '2020-08-04 04:42:38', '2020-08-04 04:42:38', '2021-08-04 10:12:38'),
('4342ebcae47a9d58cc9a59bd216f88315c2913b4a0f7cbddcce0f9468c601a2b60e996ee3e1e5fbc', 1, 1, 'appToken', '[]', 0, '2020-08-05 03:55:47', '2020-08-05 03:55:47', '2021-08-05 09:25:47'),
('43491ac06765c88609fa42c0cd5f469a56029eb8ff352121ee6496396ae9f5435f7d22fe91614c39', 1, 1, 'appToken', '[]', 0, '2020-08-04 23:23:57', '2020-08-04 23:23:57', '2021-08-05 04:53:57'),
('43806328baa847acb94615deb34ea104c3b3ecec9f9ba1d243c068f8db8f6cbe6436a5ec4e40aa56', 1, 1, 'appToken', '[]', 0, '2020-08-09 03:56:20', '2020-08-09 03:56:20', '2021-08-09 09:26:20'),
('443b7c3dc4aa3cc5ee3bee1a8446db13dac8617f0d382e43e3d426e9d04d2e24f1ec64d0b045f4c0', 1, 1, 'appToken', '[]', 0, '2020-08-10 00:01:27', '2020-08-10 00:01:27', '2021-08-10 05:31:27'),
('44917f63a03adfa36a1fdfc0e1bd826ba400c9199057da55c34c2d1107f06f52b217aac91ee80eff', 1, 1, 'appToken', '[]', 0, '2020-08-07 10:02:30', '2020-08-07 10:02:30', '2021-08-07 15:32:30'),
('482a628620b12e7f36b3263018818949276e75855cebb32d56f25ebd6df9a9e8cb04f1fc9db17ad5', 27, 1, 'appToken', '[]', 0, '2020-08-04 10:12:59', '2020-08-04 10:12:59', '2021-08-04 15:42:59'),
('48670d5357b13ddaab8581838440cf53581b7507c7a80a9c8383733f898eb7c7baceb2e6917c4757', 1, 1, 'appToken', '[]', 0, '2020-08-04 13:17:08', '2020-08-04 13:17:08', '2021-08-04 18:47:08'),
('48dc7ecf888f46a920aa614152cdedfc715e82c8b3e3ba4a6254e9ef21b54e52dba383da4b3ada3c', 1, 1, 'appToken', '[]', 0, '2020-08-05 02:33:41', '2020-08-05 02:33:41', '2021-08-05 08:03:41'),
('48ed0db6dd039d50ca851fc432cad1ae9b7081e60d71256c996bb81158af8689dc10dfff2ea5a0de', 1, 1, 'appToken', '[]', 0, '2020-08-04 13:14:43', '2020-08-04 13:14:43', '2021-08-04 18:44:43'),
('49922793954a213b56ef970e58047296d41c7312b360ee933bd110f7ca3117143d4c718a94f6d9d2', 1, 1, 'appToken', '[]', 0, '2020-08-04 12:53:03', '2020-08-04 12:53:03', '2021-08-04 18:23:03'),
('4add74ae09faf622c6f8de1704408beb776e7d57cb97c93ffdb98f559aae93f7db895dffc8f1be6f', 1, 1, 'appToken', '[]', 0, '2020-08-07 10:25:28', '2020-08-07 10:25:28', '2021-08-07 15:55:28'),
('4bf7a71d83cc62e8d2f4a3d77e717e2b3ff14148544b5ea471931dee12090d3d7bd960494a647ee0', 1, 1, 'appToken', '[]', 0, '2020-08-05 03:36:16', '2020-08-05 03:36:16', '2021-08-05 09:06:16'),
('4c99deb4815106cb4d04a1603e2df28f6ce61d2f7e70642e8c98854d73db0b09625f0d4d96d9764c', 1, 1, 'appToken', '[]', 0, '2020-08-08 09:55:58', '2020-08-08 09:55:58', '2021-08-08 15:25:58'),
('4dfc607dac81dfa4ea275664e10b2cbe2ef19952081aef801c8248b2e229f316b626e174a13d5a0d', 1, 1, 'appToken', '[]', 0, '2020-08-05 02:27:40', '2020-08-05 02:27:40', '2021-08-05 07:57:40'),
('502b93ef16aefc17d519b83ff8397aa2b22a661c13e5b4cf83ff8109b06271c7ca3ce1d085706b8c', 1, 1, 'appToken', '[]', 0, '2020-08-05 04:15:36', '2020-08-05 04:15:36', '2021-08-05 09:45:36'),
('507820827f173079883fc38dccbfbdc087baaafb366f667b590c396d2629aee7909c6e5267bb7e7a', 1, 1, 'appToken', '[]', 0, '2020-08-09 01:28:31', '2020-08-09 01:28:31', '2021-08-09 06:58:31'),
('50c3cb7960d17492a5e7db61a87ec289e6ff506cd307130dcfcb306c0043c6b805f610b92f012eaf', 40, 1, 'appToken', '[]', 0, '2020-08-07 13:56:42', '2020-08-07 13:56:42', '2021-08-07 19:26:42'),
('50f9d08716f9dcb1d7b4b9d104f62172781d4cd21af1a78bff9b54aa4817890ebb21d127e7cfa820', 1, 1, 'appToken', '[]', 0, '2020-08-08 13:54:34', '2020-08-08 13:54:34', '2021-08-08 19:24:34'),
('511ede8295140c7d574fc9f189e51c422d4a8470a5871ca4eb49c1a2901867fdbe99cf93efb8495b', 1, 1, 'appToken', '[]', 0, '2020-08-05 02:32:15', '2020-08-05 02:32:15', '2021-08-05 08:02:15'),
('5173460410dafa619ac98f93fabcd53a30a4f82163f04704a0936eb0598d4ec7ba8563112d898608', 1, 1, 'appToken', '[]', 0, '2020-08-05 01:07:18', '2020-08-05 01:07:18', '2021-08-05 06:37:18'),
('526e73b14ea41e4ade5a2794fe2b6df22dacc9ec1e69e4786ee1cf2cdf3f84be8a3f2042c778323b', 1, 1, 'appToken', '[]', 0, '2020-08-06 14:31:41', '2020-08-06 14:31:41', '2021-08-06 20:01:41'),
('53914cd6cb3ab447f82a70478f467ec410892005f89214121267bebbc8af91a45e570fd2d760835a', 1, 1, 'appToken', '[]', 0, '2020-08-05 02:37:54', '2020-08-05 02:37:54', '2021-08-05 08:07:54'),
('54b7a4229554db4fa7bc54ee7a8eb4e7bcf60d46eef27387f17ad3b5a3d64274a1f3f3dc4ecb4935', 40, 1, 'appToken', '[]', 0, '2020-08-07 13:56:10', '2020-08-07 13:56:10', '2021-08-07 19:26:10'),
('576524b6cf82f9b7765f0c0154dc6e26442bb6bcfdccfc64bd2bdb286f47240e38369fb55527df3c', 1, 1, 'appToken', '[]', 0, '2020-08-04 22:41:52', '2020-08-04 22:41:52', '2021-08-05 04:11:52'),
('58b2ea78a78d9d9847d8119b87c2e1b1d4fad37fbe5542db13c5a3b1de3fb577649ba6b7e585e628', 1, 1, 'appToken', '[]', 0, '2020-08-09 04:44:23', '2020-08-09 04:44:23', '2021-08-09 10:14:23'),
('59938026367d6c479d1524ee0335beee069c8857045d3aa8b296688e5ecf651420149e0b63eb1765', 1, 1, 'appToken', '[]', 0, '2020-08-05 04:54:35', '2020-08-05 04:54:35', '2021-08-05 10:24:35'),
('59f39baefa20bf1293e182900f2fb407c53630128deb4d6307091850ff7a876796c0d8a5054ae92e', 1, 1, 'appToken', '[]', 0, '2020-08-08 13:41:47', '2020-08-08 13:41:47', '2021-08-08 19:11:47'),
('5ac1501627a70ff2bc4731bf1a875b94b164ef8c3c031e1c149c39d10fcf01d09229881437fc4b78', 22, 1, 'appToken', '[]', 0, '2020-08-04 09:40:02', '2020-08-04 09:40:02', '2021-08-04 15:10:02'),
('5c4247560790c6fb6ac62b463a6e1aca4ad59bc8b1b2186150b41bcb0af664c7fe58a19ac29e3fed', 12, 1, 'appToken', '[]', 0, '2020-08-04 04:26:40', '2020-08-04 04:26:40', '2021-08-04 09:56:40'),
('5e3b5a1375432c0bb3a4c9aae74e4e3a06578fab0efa263463114a74ae92291e29866d4f14a69859', 1, 1, 'appToken', '[]', 0, '2020-08-05 01:03:57', '2020-08-05 01:03:57', '2021-08-05 06:33:57'),
('5ed925fe8a814cc56f5a60341eee0828152b1e3e6f3e0ecff4e54cccc7f4626774d59c405e5d0953', 1, 1, 'appToken', '[]', 0, '2020-08-04 23:32:10', '2020-08-04 23:32:10', '2021-08-05 05:02:10'),
('607ce0dd8fe770c500f2bec3ea5a2aead80e13e272a56cf296ebb6ca23c7e5a9f9aa1c34ab5bd0da', 1, 1, 'appToken', '[]', 0, '2020-08-05 02:51:24', '2020-08-05 02:51:24', '2021-08-05 08:21:24'),
('60f1d09c01028340c9c4bd6b30b880333654849241acd1cb61dc43f189e3b74fc4f4d30d466d2c40', 1, 1, 'appToken', '[]', 0, '2020-08-04 13:40:05', '2020-08-04 13:40:05', '2021-08-04 19:10:05'),
('616e4a3cb3ad0dba5f96f4933d9c46da3eaa1cf8e41f41ae6712ab55d9d9a2aea31e9a6ff1a01336', 1, 1, 'appToken', '[]', 0, '2020-08-05 02:49:52', '2020-08-05 02:49:52', '2021-08-05 08:19:52'),
('62ff063021c21ec0bb65eb277ee9743ea2516de972f363c8ea53c4c774eb8356c4d4560e928397b6', 1, 1, 'appToken', '[]', 0, '2020-08-07 11:02:18', '2020-08-07 11:02:18', '2021-08-07 16:32:18'),
('632776af767c3724247ec12b6630f2a75769bd5cd8725300c6ee3fe3d4aa6910ae7f7404054dfa8f', 1, 1, 'appToken', '[]', 0, '2020-08-09 03:07:18', '2020-08-09 03:07:18', '2021-08-09 08:37:18'),
('639f09b8ca91e9f52e2bdf1ab9d76f4296c4a7aa289d1e04a16ca8c86b670aac795a55b85e977f3f', 1, 1, 'appToken', '[]', 0, '2020-08-07 05:05:00', '2020-08-07 05:05:00', '2021-08-07 10:35:00'),
('63b8227952ae8211e3ce60324e08a18691569e6143c9589ebfa3b22a76b586fadde063fd83b55311', 1, 1, 'appToken', '[]', 0, '2020-08-07 11:18:51', '2020-08-07 11:18:51', '2021-08-07 16:48:51'),
('65aac18d1b721ce6302d5855ce0ca7982634b4d28a39346465a5c12340790d893eda3867966d8e0e', 1, 1, 'appToken', '[]', 0, '2020-08-05 04:23:44', '2020-08-05 04:23:44', '2021-08-05 09:53:44'),
('65af7045edabe0ecb81adea900595fd84c5cd77b34f971641767afd5efe435fa04f78b35564f3bc5', 13, 1, 'appToken', '[]', 0, '2020-08-04 04:31:40', '2020-08-04 04:31:40', '2021-08-04 10:01:40'),
('6846e70ab5c3476177450e242a84edb4efe4bd952aa1f113745a13a97217d0f697ba9f621df8d994', 1, 1, 'appToken', '[]', 0, '2020-08-08 14:32:54', '2020-08-08 14:32:54', '2021-08-08 20:02:54'),
('6a86f0fe191b5351590b617f53d47c2fd0579a68dc2976c08640f912890502ef5df4819259011322', 1, 1, 'appToken', '[]', 0, '2020-08-04 23:08:11', '2020-08-04 23:08:11', '2021-08-05 04:38:11'),
('6b5c339b8d81547320965c199d35d0edaa96bf92b91a255a7118d3622a4367c2a1cd9610e726da31', 1, 1, 'appToken', '[]', 0, '2020-08-09 03:53:29', '2020-08-09 03:53:29', '2021-08-09 09:23:29'),
('6b5e1b4f5ede0b716cf241f3ed08851aa5693319f9585f40b0b34c07a5081ddfe7220e1d11e48363', 1, 1, 'appToken', '[]', 0, '2020-08-05 01:04:12', '2020-08-05 01:04:12', '2021-08-05 06:34:12'),
('6c09947501e609333d66345e1bf33ee0c0a0406c332cdd5d4a3365f62c50cdbce5c3a358fb0445b4', 1, 1, 'appToken', '[]', 0, '2020-08-05 03:31:26', '2020-08-05 03:31:26', '2021-08-05 09:01:26'),
('6c372b5a3df04c54c576dd650329f037759fe7305abbf02e4dbaf8898931650d81a97eb7504b14d5', 1, 1, 'appToken', '[]', 0, '2020-08-05 01:04:16', '2020-08-05 01:04:16', '2021-08-05 06:34:16'),
('6e94342c52b8c07bce80a4b71f06fa5efc08f7c464239b26bd4eaa09fec7924b119daedf0d6d33b4', 44, 1, 'appToken', '[]', 0, '2020-08-08 07:59:07', '2020-08-08 07:59:07', '2021-08-08 13:29:07'),
('72ba2b8a4e104bb2f2ad5709e68c6dacb414c0688c356312cba0248bf57c583142b64fee49a52c31', 38, 1, 'appToken', '[]', 0, '2020-08-04 11:25:33', '2020-08-04 11:25:33', '2021-08-04 16:55:33'),
('72ec3d25d8f4f3e4f53733a94ebb9340bca17eb7f6efa4e594d57da3db1cce6bedf110ec77feed6a', 1, 1, 'appToken', '[]', 0, '2020-08-05 04:17:11', '2020-08-05 04:17:11', '2021-08-05 09:47:11'),
('73019c6c2eaa3dbfb551e6d655421560edba4e495a12d6cd93f2e9c600349a0f291c4695c2b58489', 1, 1, 'appToken', '[]', 0, '2020-08-04 22:36:55', '2020-08-04 22:36:55', '2021-08-05 04:06:55'),
('733dff64a112a22a57cf8fc15b11fb472504aeaf0a3897871170d03db852a00b7730fe33b2e5fc2d', 1, 1, 'appToken', '[]', 0, '2020-08-05 00:24:37', '2020-08-05 00:24:37', '2021-08-05 05:54:37'),
('734ea600404b816e99a28f48c4c252287a577c24d6af97d1616c911280201d1221319cdb810ab061', 33, 1, 'appToken', '[]', 0, '2020-08-04 10:59:18', '2020-08-04 10:59:18', '2021-08-04 16:29:18'),
('736132e18585d4d420fc83df3b91ce3b69359c6f3f78818aae275e95f56cddd7526798e200fd3209', 1, 1, 'appToken', '[]', 0, '2020-08-07 11:07:38', '2020-08-07 11:07:38', '2021-08-07 16:37:38'),
('73f3fe3c4063b2c06b344b62edf8d579251c9ec81f9d7d093a800195bf2f62d01297eb5b51cba146', 2, 1, 'appToken', '[]', 0, '2020-08-11 07:40:45', '2020-08-11 07:40:45', '2021-08-11 13:10:45'),
('752f29cf6e8b48327a1862af5dd8b96497493ae474511309c4f6aca242b504ea0bb6a9009a617a98', 1, 1, 'appToken', '[]', 0, '2020-08-04 12:48:18', '2020-08-04 12:48:18', '2021-08-04 18:18:18'),
('76546899d127c578d53e1a94a65658afdfb3b8e08d65fff8e386443642af0cac74370f05ff6b7c17', 1, 1, 'appToken', '[]', 0, '2020-08-04 12:28:57', '2020-08-04 12:28:57', '2021-08-04 17:58:57'),
('76b9830f9ca1525776a444c8f682bc4cd48a2c3c642689b4ba3e7100c4505715f6a830a4617a4af8', 1, 1, 'appToken', '[]', 0, '2020-08-04 04:53:37', '2020-08-04 04:53:37', '2021-08-04 10:23:37'),
('76ed7ef45164418fa386268f21bfe36be029b822a7cc439579a86277b4f76c3d3036a86e53708f9d', 1, 1, 'appToken', '[]', 0, '2020-08-06 06:03:12', '2020-08-06 06:03:12', '2021-08-06 11:33:12'),
('77a9a42fe68326bb4d61088537afd399f41d1b9fc461e97e23ece76fdbc83492c2e9461962c57b5b', 28, 1, 'appToken', '[]', 0, '2020-08-04 10:24:30', '2020-08-04 10:24:30', '2021-08-04 15:54:30'),
('77c883bd2064a579337d310c60357b17d26480a094848f425aa97f909233fcfd9e972a8be054894c', 1, 1, 'appToken', '[]', 0, '2020-08-07 11:02:22', '2020-08-07 11:02:22', '2021-08-07 16:32:22'),
('7c02c587d9941c2492099db3578f254ca761c45b9c6d21babb70548989a8616e0dbc49bf80284574', 1, 1, 'appToken', '[]', 0, '2020-08-04 04:52:04', '2020-08-04 04:52:04', '2021-08-04 10:22:04'),
('7cd61209aac1342b11451d05e3748b5024dbe9e9247d3e556e055a592205931d7dbb466044c031d2', 1, 1, 'appToken', '[]', 0, '2020-08-06 07:37:29', '2020-08-06 07:37:29', '2021-08-06 13:07:29'),
('7ce8cfe8b28d760af769765b7ca4c35b9f5f802a8c2b040341579181dc942970a74c5e67841bdc27', 1, 1, 'appToken', '[]', 0, '2020-08-05 02:48:51', '2020-08-05 02:48:51', '2021-08-05 08:18:51'),
('7dd97e02ce630d586761771998fa8956ea31df1bc4b854a3e2bd450bba669983abdca0110bc9380b', 1, 1, 'appToken', '[]', 0, '2020-08-07 11:15:43', '2020-08-07 11:15:43', '2021-08-07 16:45:43'),
('7e5d804852337a9ecbc35fa51f57f81b92ebb31df3da8f230fb4e5450f57e5ce83af010f912b4967', 1, 1, 'appToken', '[]', 0, '2020-08-09 01:41:16', '2020-08-09 01:41:16', '2021-08-09 07:11:16'),
('7e6b3ce04672255d39b6d837cc4ea9606bcd67c5d99fb424c6baf613a4676c69b043998b93acbf78', 1, 1, 'appToken', '[]', 0, '2020-08-05 04:28:07', '2020-08-05 04:28:07', '2021-08-05 09:58:07'),
('7ed06eca7650d99d5fb4425be95d4ead52c9359861001cc8286e4ec5a2f4f71f24fe760d6716bdda', 1, 1, 'appToken', '[]', 0, '2020-08-09 01:12:37', '2020-08-09 01:12:37', '2021-08-09 06:42:37'),
('7f78d6a86694dade8bdd20c0db396770fb560a853a91c59c060693eb9ff31f171b4451882792a7e0', 26, 1, 'appToken', '[]', 0, '2020-08-04 10:12:31', '2020-08-04 10:12:31', '2021-08-04 15:42:31'),
('800154340d748f7416d542d42dee710b1356470d957a06e9e10aca2709e1b837e9705f4a86a780fb', 1, 1, 'appToken', '[]', 0, '2020-08-09 01:55:03', '2020-08-09 01:55:03', '2021-08-09 07:25:03'),
('864cdd58da0cef18d759e8f61c607b2a42713758e94e202a494cb605d332438331224b21021fa02c', 1, 1, 'appToken', '[]', 0, '2020-08-05 01:18:15', '2020-08-05 01:18:15', '2021-08-05 06:48:15'),
('8783668619ca01c2dbc8c80c172c2a052339582b5cf64b682c852da672e3c0ad0bd0fec5ba2fb829', 1, 1, 'appToken', '[]', 0, '2020-08-06 05:49:48', '2020-08-06 05:49:48', '2021-08-06 11:19:48'),
('89d4610849672921b3e9dd6582b909b9f93031bfd12d484bda2a4e2c29f17d53362ed11bc27dfbc0', 1, 1, 'appToken', '[]', 0, '2020-08-09 01:57:54', '2020-08-09 01:57:54', '2021-08-09 07:27:54'),
('8a7df93a7fee845e67d38af97449678141adb5dedaef527ffb19f1ea0a69579932fd5306aa33ce1c', 1, 1, 'appToken', '[]', 0, '2020-08-08 13:51:57', '2020-08-08 13:51:57', '2021-08-08 19:21:57'),
('8ae289c3fa7a9785ace43dc94ea3e97b01a0ccbafed63441e4a506dd84931137d69f3fe0433cb17f', 1, 1, 'appToken', '[]', 0, '2020-08-09 01:55:55', '2020-08-09 01:55:55', '2021-08-09 07:25:55'),
('8b2b77c4f28ce76104a7e4f7005b711e3fe69084e208af0393f17b16ee5a9737c6835e120c04d007', 1, 1, 'appToken', '[]', 0, '2020-08-05 02:42:21', '2020-08-05 02:42:21', '2021-08-05 08:12:21'),
('8b418b7f6486c34052c07ac6fc267f7d1dcb14c6b127d40f5d4344ee2455b77edc3c9221ff5dddc2', 1, 1, 'appToken', '[]', 0, '2020-08-03 23:29:46', '2020-08-03 23:29:46', '2021-08-04 04:59:46'),
('8bdb44c104513f09fb7c4d2742f4a2b1a3768b92282d1b37a847938dd9abf1d76b551a8cd4e93017', 1, 1, 'appToken', '[]', 0, '2020-08-09 03:14:12', '2020-08-09 03:14:12', '2021-08-09 08:44:12'),
('8c1bf9e1f5b5c77e676e92894032e32e64de1bc2c6f1a273aa93636f810fa9f6538abb426ac31d8c', 35, 1, 'appToken', '[]', 0, '2020-08-04 11:02:47', '2020-08-04 11:02:47', '2021-08-04 16:32:47'),
('8cebeda769a4a40f01af357899478ce45579975fd955ebeadc6040f11979a96a94d5aee7d797379b', 1, 1, 'appToken', '[]', 0, '2020-08-09 04:54:32', '2020-08-09 04:54:32', '2021-08-09 10:24:32'),
('8d0e240dc605443d4ed7e97357c2f25b971a16e528cbb8378ff10a6854c72a71b18ed541187eba04', 1, 1, 'appToken', '[]', 0, '2020-08-05 02:39:10', '2020-08-05 02:39:10', '2021-08-05 08:09:10'),
('8de9cac787325f1dfea9adb9220453fc094920c546bb7ae9bafc16e8e368965d329fa10194377f39', 1, 1, 'appToken', '[]', 0, '2020-08-08 13:07:28', '2020-08-08 13:07:28', '2021-08-08 18:37:28'),
('8ee64a6178537838d9fc4130c6ddca5baedbc5d3587eae2d1b996bcbca42d295ae9a3230f4954747', 1, 1, 'appToken', '[]', 0, '2020-08-08 01:05:10', '2020-08-08 01:05:10', '2021-08-08 06:35:10'),
('8f3eccb2fd71bbed3e230fded1a90dc9a71d374a2ebd0ce11b91e6d8f82d5b2ec024e2740bf3a8ad', 1, 1, 'appToken', '[]', 0, '2020-08-08 14:02:35', '2020-08-08 14:02:35', '2021-08-08 19:32:35'),
('90bb06caef1dc77b7861bc63813f5bec8a170f3756a04686d55f056b5b4ca5d507af31096e0a4c8d', 1, 1, 'appToken', '[]', 0, '2020-08-08 14:39:37', '2020-08-08 14:39:37', '2021-08-08 20:09:37'),
('93e30f718216b299826b42c0e452a31d5cccbf1c51f7585276a5a6e138a994107e6a77d0576d6d94', 1, 1, 'appToken', '[]', 0, '2020-08-05 03:04:41', '2020-08-05 03:04:41', '2021-08-05 08:34:41'),
('94c664e2b85b47e1dc0835b71fd6ed10e7fca4a5cbe49b0a34873ca6472cb992208435cd61e55a1c', 1, 1, 'appToken', '[]', 0, '2020-08-09 04:51:22', '2020-08-09 04:51:22', '2021-08-09 10:21:22'),
('953f16af8f31eccd1526a8ea7dfe0a473f2f86ec4ac9d803aca0ea8f9028db0329743c72deb2893d', 1, 1, 'appToken', '[]', 0, '2020-08-09 01:11:19', '2020-08-09 01:11:19', '2021-08-09 06:41:19'),
('956edd2c5ae7a46c436efa17ad64015f7ea775c30b10573b6d25a2f6843d794e899db662fbb9dc62', 2, 1, 'appToken', '[]', 0, '2020-08-04 03:33:16', '2020-08-04 03:33:16', '2021-08-04 09:03:16'),
('9623b72e5cf1e1fbeac5dbcbefda4a341353f2d7d096818ac9e9207f42cc257eafecfaa319769988', 1, 1, 'appToken', '[]', 0, '2020-08-04 05:11:39', '2020-08-04 05:11:39', '2021-08-04 10:41:39'),
('963cb19fe9a18f9ef145e17217d439fb22049358135065299fdfec69b084e6164932001273e43a45', 1, 1, 'appToken', '[]', 0, '2020-08-09 01:59:14', '2020-08-09 01:59:14', '2021-08-09 07:29:14'),
('966088a08a07c33d658e0487c413078bece6ef61e8fa8a39f3397eb8bf03d0a99bde25ae62bb07f3', 1, 1, 'appToken', '[]', 0, '2020-08-04 12:52:23', '2020-08-04 12:52:23', '2021-08-04 18:22:23'),
('96625077622508ea01672c8425a79fba96e69f7b8854475ac45c1a1529ec6932c67aa31358f91971', 1, 1, 'appToken', '[]', 0, '2020-08-09 01:50:56', '2020-08-09 01:50:56', '2021-08-09 07:20:56'),
('96c087785985b7524258fa3ada09092d019c6c81ea51479456e0c4e1fabd3a746348e28b206ff4f2', 1, 1, 'appToken', '[]', 0, '2020-08-04 12:41:26', '2020-08-04 12:41:26', '2021-08-04 18:11:26'),
('974941e3b015fbbc838feb6cef74715dbb53913fae25104f2bd1e863972a10877eaa6b6acf8e0ec9', 1, 1, 'appToken', '[]', 0, '2020-08-09 04:07:01', '2020-08-09 04:07:01', '2021-08-09 09:37:01'),
('974fb94d7d8eefbf5a3d9d77a590a6fb1459a6fa6b11ab27e1d3e97b1d76f64fe4b3a8c382ae6425', 7, 1, 'appToken', '[]', 0, '2020-08-04 03:44:36', '2020-08-04 03:44:36', '2021-08-04 09:14:36'),
('995441408c3768b204057347b25f86161e484e379a085a44ca7b5fe623c4c6a3b3dbec1a2c62eb01', 1, 1, 'appToken', '[]', 0, '2020-08-08 06:36:26', '2020-08-08 06:36:26', '2021-08-08 12:06:26'),
('99d433053fca9180edbc482c730a1e54917c614c712a15db0d9a506d70aeee6aa0dcfcaeefcb701a', 1, 1, 'appToken', '[]', 0, '2020-08-06 09:53:49', '2020-08-06 09:53:49', '2021-08-06 15:23:49'),
('9a11ca0a521857f9c4d1b492f037e063f18a299340353b06cf12f91726a0e84715665a80a36b5ca9', 1, 1, 'appToken', '[]', 0, '2020-08-05 02:50:22', '2020-08-05 02:50:22', '2021-08-05 08:20:22'),
('9a9f5b3972210d3184db24acbc7122b0a0f6a67c0f1c1d5c3c063da56b335887571185a54222cef8', 32, 1, 'appToken', '[]', 0, '2020-08-04 10:56:33', '2020-08-04 10:56:33', '2021-08-04 16:26:33'),
('9fefd944d6954c2ab9c8226ba51db529d63d5310678f3d2f951f692f7c504035757cae44f62c7cde', 1, 1, 'appToken', '[]', 0, '2020-08-08 13:50:10', '2020-08-08 13:50:10', '2021-08-08 19:20:10'),
('a03effafe2c88945cf90eb8a8df3adc4ff69b2fa23337207ff56e7b1590735db7523e745bf45dd23', 1, 1, 'appToken', '[]', 0, '2020-08-04 05:31:20', '2020-08-04 05:31:20', '2021-08-04 11:01:20'),
('a263991068d6c39909c737910205740eeaa9f154275be8e1798e8804c57655e1f6a542f5d3763eb4', 43, 1, 'appToken', '[]', 0, '2020-08-08 07:56:40', '2020-08-08 07:56:40', '2021-08-08 13:26:40'),
('a274b35ac5c9b84730c2b9c8cec266005127f88f4a67f7a7a25edbe36a15dd9edcd38bee35ba3562', 1, 1, 'appToken', '[]', 0, '2020-08-04 13:14:44', '2020-08-04 13:14:44', '2021-08-04 18:44:44'),
('a28f1486cd9446061cf0942c76e7ad2874131cc0bb852cee432e5905d424dc2f32ea0955866508a0', 1, 1, 'appToken', '[]', 0, '2020-08-05 00:21:31', '2020-08-05 00:21:31', '2021-08-05 05:51:31'),
('a42a72047ab19cdab73ed44245151230bccdb213d873d085376e296a8afb48276ab50b09ab9fd3d5', 1, 1, 'appToken', '[]', 0, '2020-08-04 12:51:50', '2020-08-04 12:51:50', '2021-08-04 18:21:50'),
('a42e3e0de7d300f1f298778d33edd4b6035cbda22a4b68b4e9b4647300a360e286408d6b784b87ae', 1, 1, 'appToken', '[]', 0, '2020-08-05 03:33:05', '2020-08-05 03:33:05', '2021-08-05 09:03:05'),
('a4415432c2455bf7fa75e7f0e5b8f68695c9ea708f4b9a580faec6aae98231d2dee001b3fcccf625', 1, 1, 'appToken', '[]', 0, '2020-08-06 05:54:57', '2020-08-06 05:54:57', '2021-08-06 11:24:57'),
('a5699f85751e583f8816b757715a6fe6825c90760e071e4038cdf2cd870140d3cddbccb8330835a3', 41, 1, 'appToken', '[]', 0, '2020-08-08 06:37:45', '2020-08-08 06:37:45', '2021-08-08 12:07:45'),
('a63c8655ea46af78a71d341d853db6f6d34688e2136bfc3f9b89d016719d6c8f3e3a2dc53b90dd74', 1, 1, 'appToken', '[]', 0, '2020-08-05 01:04:15', '2020-08-05 01:04:15', '2021-08-05 06:34:15'),
('a6a7df52f8c311f6d468177d9e9e299fdf72af14a0022a6f387a97a526b702873f8eac079dd34bef', 1, 1, 'appToken', '[]', 0, '2020-08-09 03:08:58', '2020-08-09 03:08:58', '2021-08-09 08:38:58'),
('a705650111bf6cbd7fe69a8386285d2851e9d50381c16bb7a86f32289d29a5630f19589a176aadcd', 1, 1, 'appToken', '[]', 0, '2020-08-08 14:20:49', '2020-08-08 14:20:49', '2021-08-08 19:50:49'),
('a7563d4cd103047ef51c93d25a0323ed68e385f4874251192c1c9af6f9b4cf7609ffec354424200e', 1, 1, 'appToken', '[]', 0, '2020-08-04 22:35:50', '2020-08-04 22:35:50', '2021-08-05 04:05:50'),
('a84c015a498d20ded15cdea88d99a7706f206a8b09fb66fc67a824d4c5144e77adfb4d3a945dd82d', 1, 1, 'appToken', '[]', 0, '2020-08-04 22:19:35', '2020-08-04 22:19:35', '2021-08-05 03:49:35'),
('a8fecd8a0eef34d70f2686c8073c41ad0bf731d834cd5ed01f313626af86b8837786f9532828900a', 1, 1, 'appToken', '[]', 0, '2020-08-08 14:16:45', '2020-08-08 14:16:45', '2021-08-08 19:46:45'),
('a93fab11aa8578b0b9d14b98c9e036b69f7ee1e6ddbe083c0be9abe3afaea7c41d5fd1dab8e440ca', 1, 1, 'appToken', '[]', 0, '2020-08-11 04:56:03', '2020-08-11 04:56:03', '2021-08-11 10:26:03'),
('aacb7b1c08d06dbd60a580c1607e646197b135c8c9cdeae56ae14d1fad7eed7f1edc95abba3d331c', 1, 1, 'appToken', '[]', 0, '2020-08-04 22:40:38', '2020-08-04 22:40:38', '2021-08-05 04:10:38'),
('ad584adce3769e624a13b1248747bcf6100b52a0ab635c1815f18c214b47ab8907116431aaddee66', 1, 1, 'appToken', '[]', 0, '2020-08-06 06:19:54', '2020-08-06 06:19:54', '2021-08-06 11:49:54'),
('af63598b67b6c80cb34bf69c1702aea2f74a7bee6e3d971b54d43f579516c83e3a48092b81bd0ca0', 1, 1, 'appToken', '[]', 0, '2020-08-07 11:12:43', '2020-08-07 11:12:43', '2021-08-07 16:42:43'),
('b02e55ab5119e9827d9b017eb5ada2ffd60ae2f596d5f721f81c66695d5bdc2f4bfd0a334ce86d5a', 1, 1, 'appToken', '[]', 0, '2020-08-07 10:27:20', '2020-08-07 10:27:20', '2021-08-07 15:57:20'),
('b0de49ef62f6087f0cd1490b1890d084c4a9127938cae1f9852b030edab1b2e34950c251f8f9d6fe', 1, 1, 'appToken', '[]', 0, '2020-08-04 23:26:21', '2020-08-04 23:26:21', '2021-08-05 04:56:21'),
('b1a35b9b1ce63e661c2cb6baedaa59c0b11168efa0310b4855c2ffa83e7906b782400f94d1441110', 1, 1, 'appToken', '[]', 0, '2020-08-09 02:54:37', '2020-08-09 02:54:37', '2021-08-09 08:24:37'),
('b1e49cdbeb569994cd1df7ecf3b5b5fb0cb6675dd8feea2be1b5e3341f8e06d313e3aaa75898da00', 1, 1, 'appToken', '[]', 0, '2020-08-08 13:44:56', '2020-08-08 13:44:56', '2021-08-08 19:14:56'),
('b2077baed4ccdc1bb82c1bdfe938eef5489d9f805891531a1a2992a1bd5aa4259542e4a9b0cc1af0', 1, 1, 'appToken', '[]', 0, '2020-08-04 13:19:04', '2020-08-04 13:19:04', '2021-08-04 18:49:04'),
('b260c4fcb6565a5d07312991a0c40041e9b622921766f79144758fbc31ba8a1f084fdf1785bfaf6e', 1, 1, 'appToken', '[]', 0, '2020-08-08 13:53:21', '2020-08-08 13:53:21', '2021-08-08 19:23:21'),
('b27e615a727012840f318a898b55cb20d633167f9b6575ba9eb9ff6b617d31c6bb0e2cd4a9c689cc', 1, 1, 'appToken', '[]', 0, '2020-08-07 11:08:48', '2020-08-07 11:08:48', '2021-08-07 16:38:48'),
('b5908b240c9440c1ea92dd24c48397c058c1f036d835e8bc6e718b8ad5f326b90e65542710495897', 1, 1, 'appToken', '[]', 0, '2020-08-06 07:37:26', '2020-08-06 07:37:26', '2021-08-06 13:07:26'),
('b5e8e5156a3c665136829b32662625327d4195d9f7b9482fe66a5d7260fe20631fc7edc3fbfd8d52', 18, 1, 'appToken', '[]', 0, '2020-08-04 04:37:24', '2020-08-04 04:37:24', '2021-08-04 10:07:24'),
('b5f9fe5ae1a23c1bddda2fec1f971d1f44e2561d1e7d317aa94f776646e165b52255710a68bc2ef9', 1, 1, 'appToken', '[]', 0, '2020-08-05 03:30:20', '2020-08-05 03:30:20', '2021-08-05 09:00:20'),
('b63c2bcae4b6bdf34fa08b0fbdf24c47b6b3fd0dd3be30ba514d5f9f402fb636e5cc7fb563466af9', 1, 1, 'appToken', '[]', 0, '2020-08-05 03:23:29', '2020-08-05 03:23:29', '2021-08-05 08:53:29'),
('b6e034d7738e3d774ce2042ba94d195210c796e86db7d929cad92b6e9182a343579a689d60ed91d7', 1, 1, 'appToken', '[]', 0, '2020-08-05 00:28:38', '2020-08-05 00:28:38', '2021-08-05 05:58:38'),
('b763d05025302553b9d6723f5263d88eb830c968b62c2518e06d6636ab5e68e5c3add1da18d663cf', 1, 1, 'appToken', '[]', 0, '2020-08-09 03:06:07', '2020-08-09 03:06:07', '2021-08-09 08:36:07'),
('b80a42678a7d6ced60b876c10e1620b895fc3acf6858eb194935b95ceb48057eab7f2a79a3d1c0ba', 9, 1, 'appToken', '[]', 0, '2020-08-04 04:03:08', '2020-08-04 04:03:08', '2021-08-04 09:33:08'),
('b849bd26d427da312494d3e5cd68ac0b82e9683c709786cd125bb372b70adad5f91892062a84fa6a', 1, 1, 'appToken', '[]', 0, '2020-08-05 02:52:10', '2020-08-05 02:52:10', '2021-08-05 08:22:10'),
('b9621ffe72379556c7afa9e36acba312a091b0ac7bc120c0e8f6289ace1da03deca7b783043e838b', 1, 1, 'appToken', '[]', 0, '2020-08-05 04:40:57', '2020-08-05 04:40:57', '2021-08-05 10:10:57'),
('b9d0fd6d1d3a678206c574c10dd6ba35126a49a254636afb7e90f3b5503a53745bcc0751de2050ae', 1, 1, 'appToken', '[]', 0, '2020-08-04 12:43:33', '2020-08-04 12:43:33', '2021-08-04 18:13:33'),
('ba064b10707c920194662c9c4555f978cbd57b6f4e441242d8adc0c4c0f03250230d218aeeeb1ab0', 1, 1, 'appToken', '[]', 0, '2020-08-09 01:39:53', '2020-08-09 01:39:53', '2021-08-09 07:09:53'),
('bc27db37a6a2588a77ec53edb7d4866e98af1fd516b0c5a79fc54594284649ff8950714cc6f5170f', 1, 1, 'appToken', '[]', 0, '2020-08-09 02:42:47', '2020-08-09 02:42:47', '2021-08-09 08:12:47'),
('bcc8fa781f2f4ce1b38191295e08b9e7d2c9afeab1c4f5f81dc5329ff6f4dbb5ea6086213c6d183a', 1, 1, 'appToken', '[]', 0, '2020-08-08 13:47:02', '2020-08-08 13:47:02', '2021-08-08 19:17:02'),
('bd6b12d7b97fd6ff3750b7c07cdcab101956b76fec1bc463daafa2a1075b2616d9da39ed55bb3522', 2, 1, 'appToken', '[]', 0, '2020-08-11 07:40:23', '2020-08-11 07:40:23', '2021-08-11 13:10:23'),
('bda30773c7cfe5152c4adabfbb02824035b116ab2fc20f1f3fa3dc10cbd70c5beb32107ee0048a4e', 1, 1, 'appToken', '[]', 0, '2020-08-06 06:03:08', '2020-08-06 06:03:08', '2021-08-06 11:33:08'),
('bda470a6c073c1e3c8c724c06e9638690033e0bdbb4b257b85bb3e3354b73a1102f947c30070091c', 1, 1, 'appToken', '[]', 0, '2020-08-04 05:18:09', '2020-08-04 05:18:09', '2021-08-04 10:48:09'),
('bf4ca34b859838a3009201352139ea09fdf81fafda0eca4ee9d0518e5db338003d48cd956d762e0b', 1, 1, 'appToken', '[]', 0, '2020-08-05 02:57:05', '2020-08-05 02:57:05', '2021-08-05 08:27:05'),
('c0979058ec8b33d72610a344c99f57169ba7d23cfaff1a4cd6902ad0e1381d672283ecddcf3cd2dc', 17, 1, 'appToken', '[]', 0, '2020-08-04 04:36:18', '2020-08-04 04:36:18', '2021-08-04 10:06:18'),
('c21a17b659688e9f5687de2be705ff34105bef5e0cda05a32c81d225d889d98052f06841bde631e2', 1, 1, 'appToken', '[]', 0, '2020-08-05 02:38:40', '2020-08-05 02:38:40', '2021-08-05 08:08:40'),
('c28916e379d4b8acdf2dfbdedd3603f73acee20e6c1dbcc0b8aaecc0732c1dbf975527684dec6cc6', 1, 1, 'appToken', '[]', 0, '2020-08-05 01:04:13', '2020-08-05 01:04:13', '2021-08-05 06:34:13'),
('c2de1eecf40d06e1a519b9ef820cf58a1828dde0998da5e4f6be9b513dff78ada2291c5b7015e1a9', 1, 1, 'appToken', '[]', 0, '2020-08-11 04:56:25', '2020-08-11 04:56:25', '2021-08-11 10:26:25'),
('c2e49fab1df20ed6c3bdc79f92d34b89f11a514975017b6a22b366c6745ddf6d2e97f78f86cc607b', 1, 1, 'appToken', '[]', 0, '2020-08-06 06:19:52', '2020-08-06 06:19:52', '2021-08-06 11:49:52'),
('c409cea495c360b4d90cdc141c26f434007fdb37401f9e28567c93643ae27bc178cb85883cc01c53', 2, 1, 'appToken', '[]', 0, '2020-08-11 07:40:44', '2020-08-11 07:40:44', '2021-08-11 13:10:44'),
('c4edd68b3bbefe903c7edc0bf2d266ba62d8ea4bc0e64f53b3ef96d497c541021164a94404e476f5', 1, 1, 'appToken', '[]', 0, '2020-08-07 10:49:25', '2020-08-07 10:49:25', '2021-08-07 16:19:25'),
('c5b55608ce04163b23ecd69b47459c837a38515154d3cd5ba5aff15431e345ac0292d3cc96a99b81', 37, 1, 'appToken', '[]', 0, '2020-08-04 11:12:38', '2020-08-04 11:12:38', '2021-08-04 16:42:38'),
('c857d95bb0211b671b83450fa98d1742b5796b6d07d8c95288f45111465246c922e81ade2030d5d8', 1, 1, 'appToken', '[]', 0, '2020-08-04 13:21:18', '2020-08-04 13:21:18', '2021-08-04 18:51:18'),
('c9f0d47542cea9f8ff4f695943cbd3f9dc9a48cc770db8812c934b729b1a31db59a0d2c3977b9f09', 1, 1, 'appToken', '[]', 0, '2020-08-04 22:10:08', '2020-08-04 22:10:08', '2021-08-05 03:40:08'),
('cb4f1a4677581da25e4bf4e519de349cc49f0692e099df392dd3587cd29b5a28ac04b03c1ca4a95e', 21, 1, 'appToken', '[]', 0, '2020-08-04 04:44:50', '2020-08-04 04:44:50', '2021-08-04 10:14:50'),
('cbc49ad405375a7c0ab72a0581778b3f067e57a7258cf92bfc790a52ae40b253c8a48f2ac9d9d478', 3, 1, 'appToken', '[]', 0, '2020-08-04 03:39:44', '2020-08-04 03:39:44', '2021-08-04 09:09:44'),
('cd943d057c2fa4d14d73a0ccd26b7e346f89a0f48b09b98073f7d09d41bff2fd9a5d14fdb9738786', 1, 1, 'appToken', '[]', 0, '2020-08-07 01:06:07', '2020-08-07 01:06:07', '2021-08-07 06:36:07'),
('cdaf594c053f24e8444bb09dce31c9e57a0e066059f939c6504d777de73f1ce36326ab50bed1a426', 15, 1, 'appToken', '[]', 0, '2020-08-04 04:34:13', '2020-08-04 04:34:13', '2021-08-04 10:04:13'),
('ce81bfdf7837f21d643af34780fb3a2eed57a5078ed56d306c7045e2699350d3713231c27d96bb43', 1, 1, 'appToken', '[]', 0, '2020-08-07 11:21:53', '2020-08-07 11:21:53', '2021-08-07 16:51:53'),
('d2272d4776150410a9a8726e4a78c1abd8010d35a705c0a9cc9a9e936c60d3e9427c01c7b388a033', 1, 1, 'appToken', '[]', 0, '2020-08-04 09:32:16', '2020-08-04 09:32:16', '2021-08-04 15:02:16'),
('d37441e87f61eae5adf845a14a974cda7e20b87d300f66c9b4762a99824f77513d1f18dfdcc747f7', 14, 1, 'appToken', '[]', 0, '2020-08-04 04:32:34', '2020-08-04 04:32:34', '2021-08-04 10:02:34'),
('d383e18bb6961e19cf914d8023123636103c3b04885162325396f807985847ee10b32cbffce5bb30', 1, 1, 'appToken', '[]', 0, '2020-08-04 23:35:51', '2020-08-04 23:35:51', '2021-08-05 05:05:51'),
('d44119348392d9684a914e6b1583d72ab4751ad85041f54db842f27b66abd73f9a2a70a83a85a335', 1, 1, 'appToken', '[]', 0, '2020-08-09 01:46:18', '2020-08-09 01:46:18', '2021-08-09 07:16:18'),
('d4888ab8e7aa97b8c62fdbba431dd0c01aad386c6c9826559ca0a624639f8ebc615abc46b150a088', 34, 1, 'appToken', '[]', 0, '2020-08-04 11:00:31', '2020-08-04 11:00:31', '2021-08-04 16:30:31'),
('d4cd84fe341355509b797b2cfaf9c17258621df0f7961724aa8e04f83e2005c5c403cdeae1072b97', 1, 1, 'appToken', '[]', 0, '2020-08-05 02:27:12', '2020-08-05 02:27:12', '2021-08-05 07:57:12'),
('d5f8bf4a9c28b1c294118bbefdc33e357ff834b7fbb588abe866d5358a7081aea0920ba8e88945d6', 1, 1, 'appToken', '[]', 0, '2020-08-05 02:53:54', '2020-08-05 02:53:54', '2021-08-05 08:23:54'),
('d6031bd5821a98a5947a195401f9059f5e7ba73371118998054123b1d12a57e7e2bb9c809d15255a', 1, 1, 'appToken', '[]', 0, '2020-08-04 22:35:07', '2020-08-04 22:35:07', '2021-08-05 04:05:07'),
('d679e6ac91771eaf1dda81755162ec9f7649fee13cedde188f8ff5c30fe48f19571878f9c9e78926', 1, 1, 'appToken', '[]', 0, '2020-08-09 04:10:49', '2020-08-09 04:10:49', '2021-08-09 09:40:49'),
('d6c4d883482b95fe2bc4feb77ef885cf5840863d73d31fa65c96fb9486319fce1026633599fb4145', 1, 1, 'appToken', '[]', 0, '2020-08-05 04:53:12', '2020-08-05 04:53:12', '2021-08-05 10:23:12'),
('d8c913dfbe1e8ca6d2db412bad494ec5df75b4ec647e5fbe962795b5ee7884cebacc70046b43cd8f', 1, 1, 'appToken', '[]', 0, '2020-08-04 23:55:28', '2020-08-04 23:55:28', '2021-08-05 05:25:28'),
('d8e80d3ccbede01752fe1ae6b3f0fe115b3af5ecebef3f7ad0b1d3b0f272d9b3714116723f285e95', 1, 1, 'appToken', '[]', 0, '2020-08-04 22:46:56', '2020-08-04 22:46:56', '2021-08-05 04:16:56'),
('dafe89bedd25c85aaed2265b7346b94e3ff66cec80ce361d859c46101d650f53cff9deec27e46e2f', 30, 1, 'appToken', '[]', 0, '2020-08-04 10:51:20', '2020-08-04 10:51:20', '2021-08-04 16:21:20'),
('db5ac4b498ca96b91285135f258a4e86a85f33299c784e0993c3c7355d0992c9af687e5370e9ac5a', 1, 1, 'appToken', '[]', 0, '2020-08-07 10:03:03', '2020-08-07 10:03:03', '2021-08-07 15:33:03'),
('de811de5a879d99a02723114924538fd26eac96ce37b473c135921bff9a9ed9914b1827f396f02ac', 1, 1, 'appToken', '[]', 0, '2020-08-08 05:14:30', '2020-08-08 05:14:30', '2021-08-08 10:44:30'),
('e059e26e51376fc0447fd9d1403771894bc6301364e1813ad459f07a15e5e5d47d985c4662abb9b3', 1, 1, 'appToken', '[]', 0, '2020-08-04 13:40:40', '2020-08-04 13:40:40', '2021-08-04 19:10:40'),
('e065c07af6a3df7850c9bf0b27bb7ccc0756c38ee050ef151964127e7534696614d8a2c7d93aa57b', 1, 1, 'appToken', '[]', 0, '2020-08-04 13:33:52', '2020-08-04 13:33:52', '2021-08-04 19:03:52'),
('e0843b73459125be09cdbfd43541f48bd6f1d261f8a5f1c998c104a7f09489fdeb83ae110c558800', 1, 1, 'appToken', '[]', 0, '2020-08-05 03:16:22', '2020-08-05 03:16:22', '2021-08-05 08:46:22'),
('e13145b9fea9abdcf3d5ac88aa0a6185cba46523e53f02be9abd976dfdde107f22e15edd27767a54', 1, 1, 'appToken', '[]', 0, '2020-08-05 04:33:39', '2020-08-05 04:33:39', '2021-08-05 10:03:39'),
('e1de6cddbc35bc06462afa607f7b19a04fc1a3f883b36d391d07e52ca5c4bd18b98212ed4c104ec0', 1, 1, 'appToken', '[]', 0, '2020-08-04 13:07:19', '2020-08-04 13:07:19', '2021-08-04 18:37:19'),
('e21178aa48598d71251c1da4643d9c8c85f32e7a960974fa8df2e1ab654951b97eda11560547ad90', 1, 1, 'appToken', '[]', 0, '2020-08-09 22:52:41', '2020-08-09 22:52:41', '2021-08-10 04:22:41'),
('e290a448cecde80eb7984561c558533162e747b61e6673c76079fd094361ee6819617adb1e30748d', 1, 1, 'appToken', '[]', 0, '2020-08-09 05:29:56', '2020-08-09 05:29:56', '2021-08-09 10:59:56'),
('e2c986f1c9eae6351f3a273a1c1697bd1105c8988d040bcbd331c9b4230305a77322518b1948204a', 1, 1, 'appToken', '[]', 0, '2020-08-05 03:01:05', '2020-08-05 03:01:05', '2021-08-05 08:31:05'),
('e31a593fedb8d360fcc225657b684d0fe7b6c7dda11b5718ababae5b3e04f683de485ddb43665ddd', 1, 1, 'appToken', '[]', 0, '2020-08-09 01:49:09', '2020-08-09 01:49:09', '2021-08-09 07:19:09'),
('e5f5af7d1b2f5437773430ad9641c947b32aff61970877139fd3d9f79f64fad963a2a7fe9f554833', 1, 1, 'appToken', '[]', 0, '2020-08-04 05:32:34', '2020-08-04 05:32:34', '2021-08-04 11:02:34'),
('e6030edc612de291d795a6ee1202eb53685eb3b7718d782eb93d09fa35682b411c50dacbd90ba1f1', 25, 1, 'appToken', '[]', 0, '2020-08-04 10:00:12', '2020-08-04 10:00:12', '2021-08-04 15:30:12');
INSERT INTO `oauth_access_tokens` (`id`, `user_id`, `client_id`, `name`, `scopes`, `revoked`, `created_at`, `updated_at`, `expires_at`) VALUES
('e6a06f8c4d1fd03bfde917158b64727d8214fc9701c1734bb0f9c456bab4b56640651e46f33ff4e6', 11, 1, 'appToken', '[]', 0, '2020-08-04 04:23:24', '2020-08-04 04:23:24', '2021-08-04 09:53:24'),
('e6eb5c5c08bb94f3dc61eb91a4492068e83c979509e86e9a821420b425155b0fb39c5e6e77e43792', 1, 1, 'appToken', '[]', 0, '2020-08-09 01:56:51', '2020-08-09 01:56:51', '2021-08-09 07:26:51'),
('e74e9528e55099d925c8885821c9cb45b089fc20f1194b03d38df067932ba16733fcc2f051a7733e', 1, 1, 'appToken', '[]', 0, '2020-08-06 06:10:39', '2020-08-06 06:10:39', '2021-08-06 11:40:39'),
('e753ab402a7e3ce744f1d2662ed2da9e554ccd744476cb29b50458cf76cbc435b054711a01cfa6ef', 1, 1, 'appToken', '[]', 0, '2020-08-04 05:32:59', '2020-08-04 05:32:59', '2021-08-04 11:02:59'),
('e7ca5d1df91c5fa8e7363045063627ee469d1ebb041b5dabc21933fe89887ee4c362813fabf56953', 1, 1, 'appToken', '[]', 0, '2020-08-04 12:46:33', '2020-08-04 12:46:33', '2021-08-04 18:16:33'),
('e7f8328ac727bb53a41406c8a00aa230db10f69183edb4553458c2887a251e32d711a38513b0bf0a', 43, 1, 'appToken', '[]', 0, '2020-08-08 07:55:55', '2020-08-08 07:55:55', '2021-08-08 13:25:55'),
('e821952e6db416e5266907e54eb8e8094c699679058accb2562d92208a95148c3f7c1caa7ce92357', 1, 1, 'appToken', '[]', 0, '2020-08-05 05:44:35', '2020-08-05 05:44:35', '2021-08-05 11:14:35'),
('e8b949b2c8c4c3a0c166df2056428d209c899e79ea0768f98bdfbfb318314e3b1b8e923c95f74167', 1, 1, 'appToken', '[]', 0, '2020-08-11 10:15:52', '2020-08-11 10:15:52', '2021-08-11 15:45:52'),
('ea072b18b741aa790c0beb0fee39b5e599d713c7090e7f56577f495c3166d4184a8d1b17a61bc531', 1, 1, 'appToken', '[]', 0, '2020-08-05 03:45:12', '2020-08-05 03:45:12', '2021-08-05 09:15:12'),
('ea6b5ac8c6ee9e21d5cd318d0ac12479797a1d80ed82b7212a1ff261117278ae551c53418d431e38', 1, 1, 'appToken', '[]', 0, '2020-08-07 06:33:37', '2020-08-07 06:33:37', '2021-08-07 12:03:37'),
('eab8e93612a392c9f48ccb5ca346a4b9fa6fdda2570119ed94c3fb86f239ae97e3b512e8ed7150be', 1, 1, 'appToken', '[]', 0, '2020-08-05 02:27:41', '2020-08-05 02:27:41', '2021-08-05 07:57:41'),
('ebbb103a48915efb0b5eac99781568262b69c62dfe1087d3e5b48da55ae5ab9bfdd0190d1292f6af', 1, 1, 'appToken', '[]', 0, '2020-08-05 01:05:22', '2020-08-05 01:05:22', '2021-08-05 06:35:22'),
('ec26d2f00f8cb5521366ddbf688a4f2fadb153177e1f66e4e4cc69b98d1682e22c1d69d52bb53f88', 1, 1, 'appToken', '[]', 0, '2020-08-05 04:08:45', '2020-08-05 04:08:45', '2021-08-05 09:38:45'),
('ed7945b2e3dfed6d3831b490e5139776c703733b02ce91863ee1fb7c91975176bcb4860c79299fc7', 1, 1, 'appToken', '[]', 0, '2020-08-04 13:14:28', '2020-08-04 13:14:28', '2021-08-04 18:44:28'),
('ee784f6807c1032c55457e19b4416ea1b851367cccfcb883029712d5d86c9f40194131fd1c602002', 1, 1, 'appToken', '[]', 0, '2020-08-05 00:23:54', '2020-08-05 00:23:54', '2021-08-05 05:53:54'),
('f10ef68c31653f0411b5842234db84a74172f38ffdcdd5c431cdbcee585d8082e4140d5d5eec0515', 1, 1, 'appToken', '[]', 0, '2020-08-05 00:28:42', '2020-08-05 00:28:42', '2021-08-05 05:58:42'),
('f3db7a4dfe348b857a6c13148c220abf6373afa32fa9ee177977e5023c848ffae72f7f89fe643eb1', 1, 1, 'appToken', '[]', 0, '2020-08-04 23:37:21', '2020-08-04 23:37:21', '2021-08-05 05:07:21'),
('f41c43ec1343a59f316dd11bee5b7e82033cf72e789ef1c6d5be1eca6caa1ff6402eede903617eba', 1, 1, 'appToken', '[]', 0, '2020-08-04 22:34:13', '2020-08-04 22:34:13', '2021-08-05 04:04:13'),
('f6100257cdd36c7e4a4a33486409c8300203209f793c098c6333743784f49469433abcba688ee69c', 1, 1, 'appToken', '[]', 0, '2020-08-07 10:02:28', '2020-08-07 10:02:28', '2021-08-07 15:32:28'),
('f7e461f1eef63775566a262664bd9b9ca98e003e102fa2b05dfd833a0e9b1bc776de4804f045c189', 5, 1, 'appToken', '[]', 0, '2020-08-04 03:42:29', '2020-08-04 03:42:29', '2021-08-04 09:12:29'),
('f82f87016488a4f24924062f1063642b19923e408b6811123919852a2fb75639224b3ac486bd217b', 1, 1, 'appToken', '[]', 0, '2020-08-04 13:20:32', '2020-08-04 13:20:32', '2021-08-04 18:50:32'),
('fa483da6b1b8e9066eccaf1eb63a4ea789d8ab521b07fa3612e000bf10ec16496868f293723651dc', 1, 1, 'appToken', '[]', 0, '2020-08-09 03:16:41', '2020-08-09 03:16:41', '2021-08-09 08:46:41'),
('fa5935413ffd9abdbe2358da7a10216544103d8bf6c370f567de4403b32d6c976fb067d7604bd9a8', 1, 1, 'appToken', '[]', 0, '2020-08-09 06:24:00', '2020-08-09 06:24:00', '2021-08-09 11:54:00'),
('faf3f15e375b2377737300abbcdb1bdef3399e8e3d701a1f8be0cb1ce7ade539db2c4544362cd060', 1, 1, 'appToken', '[]', 0, '2020-08-04 22:21:31', '2020-08-04 22:21:31', '2021-08-05 03:51:31'),
('fb049366e46f044b7b2a6b11c539a595db669f8fc7312221ce4fa4592427fd35e9ffaa85d922e5bf', 1, 1, 'appToken', '[]', 0, '2020-08-09 01:42:42', '2020-08-09 01:42:42', '2021-08-09 07:12:42'),
('fc3fbd0c0b627e2231779c56ed73cc64c8a5e63aa11298f221fad55989ac94e204325a9360dc88cd', 23, 1, 'appToken', '[]', 0, '2020-08-04 09:42:21', '2020-08-04 09:42:21', '2021-08-04 15:12:21'),
('fc9c341959764593d4dfd26b6ee3c6473b376c90adeed8a25f0b84fce607837ce8088d95d0c6b10f', 1, 1, 'appToken', '[]', 0, '2020-08-09 04:36:14', '2020-08-09 04:36:14', '2021-08-09 10:06:14'),
('fd07334754b9498bf2c1513b96665cc7a81f06268cdb56db4b3fcaa84bd198d0ae66e11026fd0ec3', 39, 1, 'appToken', '[]', 0, '2020-08-06 05:09:02', '2020-08-06 05:09:02', '2021-08-06 10:39:02'),
('fe80c8b889f16975c2d89d138dde99d3da7b0068bf0b3d7471957b0e31dbdba4a8875166b8a4fc3d', 1, 1, 'appToken', '[]', 0, '2020-08-09 01:47:55', '2020-08-09 01:47:55', '2021-08-09 07:17:55'),
('fee9a16a48e949d4c588e50c97d34b2e393e576b4944f8c301bc3f960510054f7011f32755a646f2', 1, 1, 'appToken', '[]', 0, '2020-08-06 06:24:07', '2020-08-06 06:24:07', '2021-08-06 11:54:07'),
('ffb1c9a6158c0db939649f6a01a6893ec03ed9443acef9aaddd0bca514ec9240c1b32d6edfdef07c', 1, 1, 'appToken', '[]', 0, '2020-08-04 22:22:23', '2020-08-04 22:22:23', '2021-08-05 03:52:23');

-- --------------------------------------------------------

--
-- Table structure for table `oauth_auth_codes`
--

CREATE TABLE `oauth_auth_codes` (
  `id` varchar(100) COLLATE utf8mb4_unicode_ci NOT NULL,
  `user_id` bigint(20) UNSIGNED NOT NULL,
  `client_id` bigint(20) UNSIGNED NOT NULL,
  `scopes` text COLLATE utf8mb4_unicode_ci,
  `revoked` tinyint(1) NOT NULL,
  `expires_at` datetime DEFAULT NULL
) ENGINE=InnoDB DEFAULT CHARSET=utf8mb4 COLLATE=utf8mb4_unicode_ci;

-- --------------------------------------------------------

--
-- Table structure for table `oauth_clients`
--

CREATE TABLE `oauth_clients` (
  `id` bigint(20) UNSIGNED NOT NULL,
  `user_id` bigint(20) UNSIGNED DEFAULT NULL,
  `name` varchar(191) COLLATE utf8mb4_unicode_ci NOT NULL,
  `secret` varchar(100) COLLATE utf8mb4_unicode_ci DEFAULT NULL,
  `provider` varchar(191) COLLATE utf8mb4_unicode_ci DEFAULT NULL,
  `redirect` text COLLATE utf8mb4_unicode_ci NOT NULL,
  `personal_access_client` tinyint(1) NOT NULL,
  `password_client` tinyint(1) NOT NULL,
  `revoked` tinyint(1) NOT NULL,
  `created_at` timestamp NULL DEFAULT NULL,
  `updated_at` timestamp NULL DEFAULT NULL
) ENGINE=InnoDB DEFAULT CHARSET=utf8mb4 COLLATE=utf8mb4_unicode_ci;

--
-- Dumping data for table `oauth_clients`
--

INSERT INTO `oauth_clients` (`id`, `user_id`, `name`, `secret`, `provider`, `redirect`, `personal_access_client`, `password_client`, `revoked`, `created_at`, `updated_at`) VALUES
(1, NULL, 'Laravel Personal Access Client', '2Nl5WiI3qpmA2GsrRPMzlRwIsdqsGMr7reXCkQCP', NULL, 'http://localhost', 1, 0, 0, '2020-08-03 22:40:07', '2020-08-03 22:40:07'),
(2, NULL, 'Laravel Password Grant Client', '0nEMNvSor2MPsRUupwx3y4pt9T91xd1jBo9urLBR', 'users', 'http://localhost', 0, 1, 0, '2020-08-03 22:40:07', '2020-08-03 22:40:07');

-- --------------------------------------------------------

--
-- Table structure for table `oauth_personal_access_clients`
--

CREATE TABLE `oauth_personal_access_clients` (
  `id` bigint(20) UNSIGNED NOT NULL,
  `client_id` bigint(20) UNSIGNED NOT NULL,
  `created_at` timestamp NULL DEFAULT NULL,
  `updated_at` timestamp NULL DEFAULT NULL
) ENGINE=InnoDB DEFAULT CHARSET=utf8mb4 COLLATE=utf8mb4_unicode_ci;

--
-- Dumping data for table `oauth_personal_access_clients`
--

INSERT INTO `oauth_personal_access_clients` (`id`, `client_id`, `created_at`, `updated_at`) VALUES
(1, 1, '2020-08-03 22:40:07', '2020-08-03 22:40:07');

-- --------------------------------------------------------

--
-- Table structure for table `oauth_refresh_tokens`
--

CREATE TABLE `oauth_refresh_tokens` (
  `id` varchar(100) COLLATE utf8mb4_unicode_ci NOT NULL,
  `access_token_id` varchar(100) COLLATE utf8mb4_unicode_ci NOT NULL,
  `revoked` tinyint(1) NOT NULL,
  `expires_at` datetime DEFAULT NULL
) ENGINE=InnoDB DEFAULT CHARSET=utf8mb4 COLLATE=utf8mb4_unicode_ci;

-- --------------------------------------------------------

--
-- Table structure for table `password_resets`
--

CREATE TABLE `password_resets` (
  `email` varchar(191) COLLATE utf8mb4_unicode_ci NOT NULL,
  `token` varchar(191) COLLATE utf8mb4_unicode_ci NOT NULL,
  `created_at` timestamp NULL DEFAULT NULL
) ENGINE=InnoDB DEFAULT CHARSET=utf8mb4 COLLATE=utf8mb4_unicode_ci;

-- --------------------------------------------------------

--
-- Table structure for table `product`
--

CREATE TABLE `product` (
  `producr_id` int(11) NOT NULL,
  `product_name` varchar(255) NOT NULL,
  `product_desc` text NOT NULL,
  `product_price` bigint(20) NOT NULL,
  `product_image` varchar(255) NOT NULL,
  `category_fk_id` int(11) NOT NULL,
  `created_at` timestamp NOT NULL DEFAULT CURRENT_TIMESTAMP,
  `updated_at` timestamp NOT NULL DEFAULT CURRENT_TIMESTAMP
) ENGINE=InnoDB DEFAULT CHARSET=latin1;

--
-- Dumping data for table `product`
--

INSERT INTO `product` (`producr_id`, `product_name`, `product_desc`, `product_price`, `product_image`, `category_fk_id`, `created_at`, `updated_at`) VALUES
(2, 'Fjallraven - Foldsack No. 1 Backpack, Fits 15 Laptops', 'Your perfect pack for everyday use and walks in the forest. Stash your laptop (up to 15 inches) in the padded sleeve, your everyday', 110, '1.jpg', 1, '2020-08-05 03:36:42', '2020-08-05 03:36:42'),
(3, 'Mens Casual Premium Slim Fit T-Shirts', 'Slim-fitting style, contrast raglan long sleeve, three-button henley placket, light weight & soft fabric for breathable and comfortable wearing. And Solid stitched shirts with round neck made for durability and a great fit for casual fashion wear and diehard baseball fans. The Henley style round neckline includes a three-button placket.', 22, '2.jpg', 1, '2020-08-05 03:38:04', '2020-08-05 03:38:04'),
(4, 'Fjallraven - Foldsack No. 1 Backpack, Fits 15 Laptops', 'Your perfect pack for everyday use and walks in the forest. Stash your laptop (up to 15 inches) in the padded sleeve, your everyday', 110, '3.jpg', 1, '2020-08-05 03:36:42', '2020-08-05 03:36:42'),
(5, 'Mens Casual Premium Slim Fit T-Shirts', 'Slim-fitting style, contrast raglan long sleeve, three-button henley placket, light weight & soft fabric for breathable and comfortable wearing. And Solid stitched shirts with round neck made for durability and a great fit for casual fashion wear and diehard baseball fans. The Henley style round neckline includes a three-button placket.', 22, '4.jpg', 1, '2020-08-05 03:38:04', '2020-08-05 03:38:04');

-- --------------------------------------------------------

--
-- Table structure for table `users`
--

CREATE TABLE `users` (
  `id` bigint(20) UNSIGNED NOT NULL,
  `fname` varchar(191) COLLATE utf8mb4_unicode_ci NOT NULL,
  `lname` varchar(191) COLLATE utf8mb4_unicode_ci NOT NULL,
  `phone` varchar(191) COLLATE utf8mb4_unicode_ci NOT NULL,
  `email` varchar(191) COLLATE utf8mb4_unicode_ci NOT NULL,
  `email_verified_at` timestamp NULL DEFAULT NULL,
  `password` varchar(191) COLLATE utf8mb4_unicode_ci NOT NULL,
  `remember_token` text COLLATE utf8mb4_unicode_ci,
  `api_token` text COLLATE utf8mb4_unicode_ci,
  `created_at` timestamp NULL DEFAULT NULL,
  `updated_at` timestamp NULL DEFAULT NULL
) ENGINE=InnoDB DEFAULT CHARSET=utf8mb4 COLLATE=utf8mb4_unicode_ci;

--
-- Dumping data for table `users`
--

INSERT INTO `users` (`id`, `fname`, `lname`, `phone`, `email`, `email_verified_at`, `password`, `remember_token`, `api_token`, `created_at`, `updated_at`) VALUES
(1, 'thakkar6', 'harsiddhirm', '9638045899', 'har@gmail.com', NULL, '$2y$10$RWtPfFiClP3rrNFk3cqH1efWmORadwYvPGqbDgv8suc.O14/ZT6k.', 'Bearer eyJ0eXAiOiJKV1QiLCJhbGciOiJSUzI1NiJ9.eyJhdWQiOiIxIiwianRpIjoiMDcyMzQwNThjN2NiMDM0YWE1YmRlZDQ3MDVmNmZkOTk4MzkxOTY5YmE4MzhiNTIxYzg4NTdlNzY5ZWIzMDk3MDQ5NGM5OWUwN2Q2NDQ1ZWUiLCJpYXQiOjE1OTY5MDAzNjIsIm5iZiI6MTU5NjkwMDM2MiwiZXhwIjoxNjI4NDM2MzYyLCJzdWIiOiIxIiwic2NvcGVzIjpbXX0.M_OgEYMlV24naFrlB708CDu0eeY0GVHTxL_J7BAhG0HjJyNc2w22UvyBIWBhQOa4q9Pi-tZW4PK-gAWdqiInAaI_D9k4cl_tk3D7BGBm6c1h3_LdXr5VX5V2Z_dvE3cI6HsfpEP787UDa4c1DZcPMJSGlkiA6b85-vOOK2D_O9edquxroHJKrB8HXAgjOO8Bl-etEQDP1s8JxRe32orJjPBNiBzYR54yQD5-lqKRuz3mrwpm3-APPWTU9XH1fIVK0_JnvkAgoWZBBTh3KJfqafZgY6gs-kUjrYIP3J6udeEarUskf0uNVoOb6iunsctMdDL_fM5dxRSA7N2obLl353WwSCfy7wZQtJ7kGn1k0PQkok9GLSLiRh8cY1utJ7SW53Hvhv8P0XpuejLIi9nExc3mJiSKea_h5nAPGp7XA35G6jJgvLjmP3ovXZ5AXtF2GZaFumEzP_O5mJCPE-t3NTyUvB6M9JmKPaN-l3TfnWOT_HCFsejc2nJHu5fRMwLzfVOY65JWTzoF-Crit0idGyqHajozM27knHuTo0o-XcNjl8mtom5nqjKCvSFp3La6VoBPXFnx4bWuaA3hAmuUrIE6Ad3Ny52mHUW-TOsL2f4z8KtlA9q3g0JRndWudv3NXnaRjewwtt8JcFe3WCb_tfMs3F0AludxL1wEOIrgvJI', 'eyJ0eXAiOiJKV1QiLCJhbGciOiJSUzI1NiJ9.eyJhdWQiOiIxIiwianRpIjoiZThiOTQ5YjJjOGM0YzNhMGMxNjZkZjIwNTY0MjhkMjA5Yzg5OWU3OWVhMDc2OGY5OGJkZmJmYjMxODMxNGUzYjFiOGU5MjNjOTVmNzQxNjciLCJpYXQiOjE1OTcxNjA3NTIsIm5iZiI6MTU5NzE2MDc1MywiZXhwIjoxNjI4Njk2NzUyLCJzdWIiOiIxIiwic2NvcGVzIjpbXX0.ZzjFgjvSKvVXVEBv-drZpc4e2nr0nSGmst-OGT6oFbFjBi3WiottsSdueiGtqbvOWkZgBC5KQSKMOBkp8zBY9wSXaQOuE30mhnG6jnC6cM8dI2ZRPDCu0MCTl2VXYggrerdsc7pBj9U-kJh92y2K9obn5U1yzus5EnleifhCyT5qb2IMNwmtzR72Pa0Y0ViGhaeiCkaDguv7Y05GHDtJmXrRb5S77mlvzhl0zoyZXk3GMSrPsH1EVz4o6dwpC6x6dfOrt34dXCv4ae3qTPqgREEaD1Sal2eVZ36DPjPr5m6xEaMIvD9WgW9wcem1lNtARSSjbK9j7_xUcnfbem5cibNGZum4QynCdN3SE_ezigRlL6v6SdDcZzzFIwS_GQCRbAZfdvHnqtC-yFpVh2BZoXL-eZDJ0ucTQIcLuxSOBltihAxgjizkIngSCScR_s-jxJdUcXmuhUIqahfPT_nIOjTISHubEWI_VrDF_8HCVYZRtVCZSJyu0by2M82VA8BxJsUiKcxYBEYUjH4_DYkBHFwk1uYQZLo-6w2hrlfWJCntFF3x-bznqV2-wgToluZAlG77t_jscsjz9gY8fheXkJ18IhZZngWeYMfRdD5YnOoP0NdYfAbAdvVFaPy6lmu8u4QaZROFW0T4x2Tg3GEdvBrV8nAGL21Xbbx4IYlbQfk', '2020-08-03 23:26:05', '2020-08-03 23:26:05'),
(2, 'thakkar6', 'harsiddhirm', '9638045899', 'har2@gmail.com', NULL, '$2y$10$UR9TKjJCjOmWagFFgCRMrOw3IPO9jwSSvNuu1b6ynM897xcbKA.9y', NULL, 'eyJ0eXAiOiJKV1QiLCJhbGciOiJSUzI1NiJ9.eyJhdWQiOiIxIiwianRpIjoiNzNmM2ZlM2M0MDYzYjJjMDZiMzQ0YjYyZWRmOGQ1NzkyNTFjOWVjODFmOWQ3ZDA5M2E4MDAxOTViZjJmNjJkMDEyOTdlYjViNTFjYmExNDYiLCJpYXQiOjE1OTcxNTE0NDUsIm5iZiI6MTU5NzE1MTQ0NSwiZXhwIjoxNjI4Njg3NDQ1LCJzdWIiOiIyIiwic2NvcGVzIjpbXX0.cAbdYdOmMiSRBG9uGwXSwBYKpsTi9J5o1E_un9MPke1-bjxpz7loeknquHzIa_C9X_SWSCWNTZhtUK_zKQUlvzSUr9_aOF0p9hbFKsXnVj-CB9A_Mgpm3pFfgQp7FDSq5hqVqxy8h5T-L7huqb4Q4NHvWEliPMawJcqKhPP4B57iBH_CPMuw6ZvsPO2v0vLdC2Sz35DwoGKPZA5QbqGcw6FF8V5lbVLVO4ooLwwfoTwRRBZ3YNYTaIUMMN1sEyhTHEd9YfBe5bQ9vABglesRgJrCqgCBKFnbnwu-Rl_NrdIxs-hXgXHIathk9gHsl66ieJvST6RmNn0CnvTmrnFpfaT9yd0ZUBqndrkNEA2wJ6tcuNdb1wJTNLBYalVS2buDFi8ZzEBKUPfAUbL8F3WxPdtUfIxBxLwCGVNYeIAf3WiB8-6LJ_YH0SSP7CLyFyPqwWwDwj78No58bg0g8tU5P1gtkoyalXEV4fIMgTzh8zVOaq1Aeu1VtZZJ6ur0EQCZUhnekBQu34BeRg41j9uy6pD57ZzgL4I58okwVt9dvhO0g_h9ilM-ADgg6KE_9ri0PLt8ZV3YyzZYK9jcsSjtUby1mC-WJHhFJm9PEqeRydNpgLNbIwpxRmxC9zpzRnjqX3YYwC2ItzzwHrW6Tkw1aRR0k-JAhABf2h_FOa8Pj6g', '2020-08-11 07:40:21', '2020-08-11 07:40:21');

-- --------------------------------------------------------

--
-- Table structure for table `wishlist`
--

CREATE TABLE `wishlist` (
  `wish_id` bigint(20) NOT NULL,
  `user_id` bigint(20) NOT NULL,
  `product_id` bigint(20) NOT NULL,
  `qty` int(11) NOT NULL DEFAULT '1',
  `created_at` timestamp NOT NULL DEFAULT CURRENT_TIMESTAMP,
  `updated_at` timestamp NULL DEFAULT NULL
) ENGINE=InnoDB DEFAULT CHARSET=latin1;

--
-- Dumping data for table `wishlist`
--

INSERT INTO `wishlist` (`wish_id`, `user_id`, `product_id`, `qty`, `created_at`, `updated_at`) VALUES
(1, 1, 15, 1, '2020-08-10 05:16:36', NULL),
(3, 1, 16, 1, '2020-08-10 15:14:46', NULL),
(4, 1, 21, 1, '2020-08-10 20:01:08', NULL),
(5, 1, 22, 1, '2020-08-10 20:01:15', NULL),
(6, 1, 23, 1, '2020-08-10 20:01:22', NULL);

--
-- Indexes for dumped tables
--

--
-- Indexes for table `category`
--
ALTER TABLE `category`
  ADD PRIMARY KEY (`category_id`);

--
-- Indexes for table `failed_jobs`
--
ALTER TABLE `failed_jobs`
  ADD PRIMARY KEY (`id`);

--
-- Indexes for table `migrations`
--
ALTER TABLE `migrations`
  ADD PRIMARY KEY (`id`);

--
-- Indexes for table `oauth_access_tokens`
--
ALTER TABLE `oauth_access_tokens`
  ADD PRIMARY KEY (`id`),
  ADD KEY `oauth_access_tokens_user_id_index` (`user_id`);

--
-- Indexes for table `oauth_auth_codes`
--
ALTER TABLE `oauth_auth_codes`
  ADD PRIMARY KEY (`id`),
  ADD KEY `oauth_auth_codes_user_id_index` (`user_id`);

--
-- Indexes for table `oauth_clients`
--
ALTER TABLE `oauth_clients`
  ADD PRIMARY KEY (`id`),
  ADD KEY `oauth_clients_user_id_index` (`user_id`);

--
-- Indexes for table `oauth_personal_access_clients`
--
ALTER TABLE `oauth_personal_access_clients`
  ADD PRIMARY KEY (`id`);

--
-- Indexes for table `oauth_refresh_tokens`
--
ALTER TABLE `oauth_refresh_tokens`
  ADD PRIMARY KEY (`id`),
  ADD KEY `oauth_refresh_tokens_access_token_id_index` (`access_token_id`);

--
-- Indexes for table `password_resets`
--
ALTER TABLE `password_resets`
  ADD KEY `password_resets_email_index` (`email`);

--
-- Indexes for table `product`
--
ALTER TABLE `product`
  ADD PRIMARY KEY (`producr_id`),
  ADD KEY `category_fk_id` (`category_fk_id`);

--
-- Indexes for table `users`
--
ALTER TABLE `users`
  ADD PRIMARY KEY (`id`),
  ADD UNIQUE KEY `users_email_unique` (`email`);

--
-- Indexes for table `wishlist`
--
ALTER TABLE `wishlist`
  ADD PRIMARY KEY (`wish_id`);

--
-- AUTO_INCREMENT for dumped tables
--

--
-- AUTO_INCREMENT for table `category`
--
ALTER TABLE `category`
  MODIFY `category_id` int(11) NOT NULL AUTO_INCREMENT, AUTO_INCREMENT=5;

--
-- AUTO_INCREMENT for table `failed_jobs`
--
ALTER TABLE `failed_jobs`
  MODIFY `id` bigint(20) UNSIGNED NOT NULL AUTO_INCREMENT;

--
-- AUTO_INCREMENT for table `migrations`
--
ALTER TABLE `migrations`
  MODIFY `id` int(10) UNSIGNED NOT NULL AUTO_INCREMENT, AUTO_INCREMENT=9;

--
-- AUTO_INCREMENT for table `oauth_clients`
--
ALTER TABLE `oauth_clients`
  MODIFY `id` bigint(20) UNSIGNED NOT NULL AUTO_INCREMENT, AUTO_INCREMENT=3;

--
-- AUTO_INCREMENT for table `oauth_personal_access_clients`
--
ALTER TABLE `oauth_personal_access_clients`
  MODIFY `id` bigint(20) UNSIGNED NOT NULL AUTO_INCREMENT, AUTO_INCREMENT=2;

--
-- AUTO_INCREMENT for table `product`
--
ALTER TABLE `product`
  MODIFY `producr_id` int(11) NOT NULL AUTO_INCREMENT, AUTO_INCREMENT=6;

--
-- AUTO_INCREMENT for table `users`
--
ALTER TABLE `users`
  MODIFY `id` bigint(20) UNSIGNED NOT NULL AUTO_INCREMENT, AUTO_INCREMENT=3;

--
-- AUTO_INCREMENT for table `wishlist`
--
ALTER TABLE `wishlist`
  MODIFY `wish_id` bigint(20) NOT NULL AUTO_INCREMENT, AUTO_INCREMENT=7;

--
-- Constraints for dumped tables
--

--
-- Constraints for table `product`
--
ALTER TABLE `product`
  ADD CONSTRAINT `product_ibfk_1` FOREIGN KEY (`category_fk_id`) REFERENCES `category` (`category_id`) ON DELETE CASCADE ON UPDATE CASCADE;
COMMIT;

/*!40101 SET CHARACTER_SET_CLIENT=@OLD_CHARACTER_SET_CLIENT */;
/*!40101 SET CHARACTER_SET_RESULTS=@OLD_CHARACTER_SET_RESULTS */;
/*!40101 SET COLLATION_CONNECTION=@OLD_COLLATION_CONNECTION */;
